"id","active","sort_order","employer","employer_short","logo_src","title","job_category","team_th","team_en","status_th","status_en","location_th","location_en","employment_type_th","employment_type_en","summary_th","summary_en","responsibilities_th","responsibilities_en","qualifications_th","qualifications_en","source_name","source_url","published_date","expires_date","last_verified"
"maybank-financial-engineer","true","10","บริษัทหลักทรัพย์ เมย์แบงก์ (ประเทศไทย) จำกัด (มหาชน)","เมย์แบงก์ ประเทศไทย","assets/maybank-securities-logo.svg","Financial Engineer","Financial Engineer","ตราสารอนุพันธ์หุ้นและสินค้าโภคภัณฑ์","Equity & Commodity Derivatives","ประกาศรับสมัคร","Recruitment notice","ประเทศไทย","Thailand","","","โอกาสสำหรับผู้สนใจงานด้านวิศวกรรมการเงิน การพัฒนาแบบจำลองอนุพันธ์ และระบบวิเคราะห์เชิงปริมาณ โดยเปิดรับผู้สำเร็จการศึกษาใหม่ด้วย","An opportunity focused on financial engineering, derivatives modelling, and quantitative systems. Fresh graduates are welcome to apply.","พัฒนาแบบจำลองทางการเงิน รวมถึง Monte Carlo simulation สำหรับกำหนดราคาและป้องกันความเสี่ยงของตราสารอนุพันธ์||ตรวจสอบความถูกต้องและความน่าเชื่อถือของแบบจำลองทางการเงิน||เปรียบเทียบราคาผลิตภัณฑ์กับผู้ออกรายอื่น||วิเคราะห์ผลการซื้อขายและจัดทำรายงานผลการดำเนินงาน||วิเคราะห์แนวโน้มตลาดและจัดทำข้อเสนอแนะเกี่ยวกับผลิตภัณฑ์||พัฒนาโปรแกรมเพื่อทำงานอัตโนมัติและปรับปรุงกระบวนการทำงานประจำ","Develop financial models, including Monte Carlo simulations, to price and hedge derivatives.||Validate financial models for accuracy and reliability.||Benchmark product pricing against other issuers.||Analyze trading performance and prepare performance reports.||Analyze market trends and provide product recommendations.||Develop programs that automate and improve business-as-usual processes.","ปริญญาด้าน Financial Engineering, Computer Engineering, Computer Science หรือสาขาที่เกี่ยวข้อง||มีทักษะคณิตศาสตร์และภาษาโปรแกรมในระดับดี||มีความรู้ด้านการประยุกต์ใช้ปัญญาประดิษฐ์และ machine learning||ต้องมี Single License และ IC Complex||ยินดีรับผู้สำเร็จการศึกษาใหม่ โดยประสบการณ์ด้าน equity trading จะได้รับการพิจารณาเป็นพิเศษ","Degree in Financial Engineering, Computer Engineering, Computer Science, or a related field.||Strong proficiency in mathematics and programming languages.||Knowledge of artificial intelligence and machine learning applications.||A Single License with IC Complex is required.||Fresh graduates are welcome; equity-trading experience is an advantage.","LinkedIn","https://th.linkedin.com/posts/nutthachai-na-sua-77b018157_%E0%B8%A3%E0%B8%A7%E0%B8%A1%E0%B8%97%E0%B8%A1%E0%B8%81%E0%B8%9A%E0%B8%9C%E0%B8%A1%E0%B9%84%E0%B8%AB%E0%B8%A1-financial-engineering-activity-7509582959440588800-i8xg","","","2026-09-30"
"binance-quantitative-researcher-option","true","20","Binance","Binance","assets/binance-logo.png","Quantitative Researcher - Option","Quant Researcher","วิจัยและการซื้อขายออปชัน","Options Research and Trading","ประกาศรับสมัคร","Recruitment notice","กรุงเทพมหานคร","Bangkok","พนักงานประจำ","Full-time","ตำแหน่งวิจัยเชิงปริมาณด้านการกำหนดราคาออปชัน การบริหารความเสี่ยง ความผันผวน และกลยุทธ์การซื้อขายในตลาดสินทรัพย์ดิจิทัล","A quantitative-research role focused on options pricing, risk management, volatility, and trading strategies in digital-asset markets.","ออกแบบ ทดสอบย้อนหลัง และนำกลยุทธ์ด้านการกำหนดราคาออปชัน การบริหารความเสี่ยง และ agency trading ไปใช้งานจริง||พัฒนาและดูแลแบบจำลองมูลค่าออปชัน ครอบคลุม volatility surface, Greeks และ exotic options||วิจัย implied volatility, volatility arbitrage และโครงสร้างจุลภาคของตลาดออปชันทั้งในตลาดดั้งเดิมและตลาดคริปโท||ทำงานร่วมกับทีมพัฒนาเพื่อนำแบบจำลองและกลยุทธ์ขึ้นใช้งานบนแพลตฟอร์มซื้อขาย||สนับสนุนการพัฒนาผลิตภัณฑ์ตั้งแต่การสร้างแนวคิด แบบจำลอง การบริหารความเสี่ยง จนถึงการปรับพารามิเตอร์","Ideate, design, backtest, and implement options pricing, risk-management, and agency-trading strategies.||Develop and maintain options valuation models, including volatility surfaces, Greeks, and exotic options.||Research implied-volatility dynamics, volatility arbitrage, and options-market microstructure across traditional and crypto markets.||Work with the development team to implement models and strategies on the trading platform.||Support product development from ideation and modelling through risk management and parameter tuning.","มีประสบการณ์อย่างน้อย 4 ปีในงานวิจัยหรือวิเคราะห์เชิงปริมาณที่เกี่ยวข้องกับการกำหนดราคาและแบบจำลองออปชัน||มีประสบการณ์กับ Black-Scholes, binomial tree, Monte Carlo และแบบจำลอง Heston หรือ SABR||ปริญญาโทขึ้นไปด้านคณิตศาสตร์ สถิติ หรือสาขาที่เกี่ยวข้อง||มีทักษะ Python และสามารถทำงานภาษาอังกฤษได้ดี||ประสบการณ์ในกองทุน บริษัทซื้อขายหลักทรัพย์ โบรกเกอร์ วาณิชธนกิจ machine learning หรือ DEX จะได้รับการพิจารณาเป็นพิเศษ","At least four years of quantitative research or analysis experience involving options pricing and modelling.||Hands-on experience with Black-Scholes, binomial trees, Monte Carlo, and Heston or SABR models.||A master's degree or higher in mathematics, statistics, or a related discipline.||Strong Python skills and professional English fluency.||Experience in funds, trading firms, brokerages, investment banking, machine learning, or DEX trading is advantageous.","LinkedIn","https://th.linkedin.com/jobs/view/quantitative-researcher-option-at-binance-4299343243","","","2026-09-30"
"binance-pioneer-product-manager-quant-trading","true","30","Binance","Binance","assets/binance-logo.png","Pioneer Talent Program - Product Manager, Quant Trading","Quant Developer","การจัดการผลิตภัณฑ์ระบบซื้อขายเชิงปริมาณ","Quant Trading Product Management","ประกาศรับสมัคร","Recruitment notice","กรุงเทพมหานคร","Bangkok","พนักงานประจำ","Full-time","โครงการสำหรับผู้เริ่มต้นสายอาชีพที่ต้องการพัฒนาผลิตภัณฑ์ระบบซื้อขายส่วนหลัง ครอบคลุม matching engine, risk engine และแบบจำลองราคาสำหรับผลิตภัณฑ์อนุพันธ์","An early-career program focused on backend trading products, including matching engines, risk engines, and pricing models for derivatives.","สนับสนุนการกำหนดทิศทางผลิตภัณฑ์และแผนงานสำหรับระบบซื้อขายส่วนหลัง||ปรับปรุง matching engine, risk engine และแบบจำลองราคาสำหรับ Futures, Margin, Options และผลิตภัณฑ์อนุพันธ์อื่น||ทำงานร่วมกับทีมวิศวกรรมการซื้อขายเพื่อแปลงความต้องการที่ซับซ้อนเป็นแนวทางแก้ไขทางเทคนิค||มีส่วนร่วมตลอดวงจรผลิตภัณฑ์ ตั้งแต่การวางแผน การเปิดตัว และการพัฒนาคุณลักษณะใหม่||ติดตามประสิทธิภาพของระบบ แก้ไขปัญหาก่อนกระทบผู้ใช้ และดูแลการปฏิบัติตามมาตรฐานที่เกี่ยวข้อง","Contribute to the product direction and roadmap for backend trading systems.||Improve matching engines, risk engines, and pricing models for Futures, Margin, Options, and other derivatives products.||Work with trading engineering teams to translate complex trading needs into technical solutions.||Participate throughout the product lifecycle, from planning and release to ongoing feature launches.||Monitor backend performance, resolve issues before they affect users, and support compliance with relevant standards.","ปริญญาตรีขึ้นไปด้านคณิตศาสตร์ การเงินเชิงปริมาณ วิศวกรรมการเงิน วิทยาการคอมพิวเตอร์ สถิติ หรือสาขาที่เกี่ยวข้อง||มีประสบการณ์ที่เกี่ยวข้องไม่เกิน 5 ปี รวมถึงการฝึกงาน โดยประสบการณ์ด้านระบบซื้อขาย fintech, quant หรือ platform จะได้รับการพิจารณาเป็นพิเศษ||เข้าใจ order book, margin, leverage, liquidation, PnL และแนวคิดการบริหารความเสี่ยง||สามารถทำงานกับข้อมูลและทีมเทคนิคได้ โดยทักษะ SQL, Python หรือ Excel จะเป็นประโยชน์||สามารถใช้ภาษาอังกฤษและภาษาจีนกลางเพื่อประสานงานกับผู้มีส่วนได้ส่วนเสียระหว่างประเทศ","A bachelor's degree or higher in mathematics, quantitative finance, financial engineering, computer science, statistics, or a related field.||Up to five years of relevant experience, including internships; exposure to trading systems, fintech, quant, or platform roles is preferred.||Understanding of order books, margin, leverage, liquidation, PnL, and risk-management concepts.||Comfort working with data and technical teams; SQL, Python, or Excel experience is beneficial.||Bilingual English and Mandarin capability for coordination with international stakeholders.","LinkedIn","https://www.linkedin.com/jobs/view/4404498699/","","","2026-09-30"
"binance-senior-product-manager-quant-trading","true","40","Binance","Binance","assets/binance-logo.png","Senior Product Manager, Quant Trading","Quant Developer","การจัดการผลิตภัณฑ์ระบบซื้อขายเชิงปริมาณ","Quant Trading Product Management","ประกาศรับสมัคร","Recruitment notice","กรุงเทพมหานคร","Bangkok","พนักงานประจำ","Full-time","บทบาทผู้นำผลิตภัณฑ์สำหรับระบบซื้อขายส่วนหลัง โดยเชื่อมโยงความรู้ด้านผลิตภัณฑ์อนุพันธ์ ตรรกะการซื้อขาย และการบริหารความเสี่ยงเข้ากับการพัฒนาระบบ","A product-leadership role for backend trading systems, connecting derivatives expertise, trading logic, and risk management with platform delivery.","กำหนดทิศทางผลิตภัณฑ์และแผนงานสำหรับระบบซื้อขายส่วนหลัง||ปรับปรุง matching engine, risk engine และแบบจำลองราคาสำหรับ Margin, Futures, Options, Event Contracts และผลิตภัณฑ์ที่เกี่ยวข้อง||ทำงานร่วมกับทีมวิศวกรรมการซื้อขายเพื่อแปลงความต้องการทางธุรกิจที่ซับซ้อนเป็นแนวทางแก้ไขทางเทคนิค||ดูแลวงจรผลิตภัณฑ์ทั้งหมด ตั้งแต่การวางแผน การเปิดตัว และการพัฒนาคุณลักษณะใหม่||ติดตามประสิทธิภาพของระบบ แก้ไขปัญหาก่อนกระทบผู้ใช้ และดูแลให้ระบบเป็นไปตามมาตรฐานและข้อกำกับ","Set the product direction and roadmap for backend trading systems.||Improve matching engines, risk engines, and pricing models for Margin, Futures, Options, Event Contracts, and related products.||Work with trading engineering teams to translate complex business needs into technical solutions.||Lead the full product lifecycle from planning and release through ongoing feature launches.||Monitor backend performance, resolve issues before they affect users, and ensure systems meet relevant standards and regulations.","มีความเข้าใจเชิงลึกเกี่ยวกับ Margin, Futures, Perpetual Swaps, Options และผลิตภัณฑ์ทางการเงินที่เกี่ยวข้อง||มีพื้นฐานด้านเทคนิคหรือเชิงปริมาณ เช่น Computer Science, Financial Engineering หรือ Mathematics||เข้าใจตรรกะการซื้อขาย วิธีบริหารความเสี่ยง และสามารถแปลงเป็นข้อกำหนดผลิตภัณฑ์ได้||มีทักษะวิเคราะห์และแก้ปัญหาในระดับดี โดยประสบการณ์ด้านผลิตภัณฑ์จะได้รับการพิจารณาเป็นพิเศษ||ทักษะภาษาจีนกลางเพื่อประสานงานกับผู้มีส่วนได้ส่วนเสียระหว่างประเทศจะได้รับการพิจารณาเป็นพิเศษ","Deep understanding of financial products such as Margin, Futures, Perpetual Swaps, and Options.||A technical or quantitative background such as computer science, financial engineering, or mathematics.||Ability to understand trading logic and risk methods and translate them into product requirements.||Strong analytical and problem-solving skills; prior product experience is preferred but not required.||Mandarin proficiency for coordination with international stakeholders is preferred.","LinkedIn","https://www.linkedin.com/jobs/view/4326680018/","","","2026-09-30"
"kbank-risk-model-analytics-manager","true","1","ธนาคารกสิกรไทย จำกัด (มหาชน)","KASIKORNBANK","assets/employer-kbank.svg","Risk Model & Analytics Manager","Risk Management","แบบจำลองและการวิเคราะห์ความเสี่ยง","Risk Model & Analytics","ประกาศรับสมัคร","Recruitment notice","เขตราษฎร์บูรณะ กรุงเทพมหานคร","Rat Burana, Bangkok","พนักงานประจำ รูปแบบผสมผสาน","Full-time, hybrid","บทบาทด้านการพัฒนาและกำกับดูแลแบบจำลองความเสี่ยงเครดิต ครอบคลุม PD, LGD, EAD, IFRS 9 และการทดสอบภาวะวิกฤต","A credit-risk modelling role covering PD, LGD, EAD, IFRS 9, model governance, and stress testing.","พัฒนาและปรับปรุงแบบจำลอง PD, LGD และ EAD รวมถึง scorecard และ rating model||พัฒนาแบบจำลองผลขาดทุนด้านเครดิตที่คาดว่าจะเกิดขึ้นตาม IFRS 9||ติดตาม ทดสอบย้อนหลัง ปรับเทียบ และเปรียบเทียบประสิทธิภาพแบบจำลอง||จัดทำการทดสอบภาวะวิกฤตและสนับสนุนกรอบกำกับดูแลแบบจำลอง","Develop and enhance PD, LGD, and EAD models, including scorecards and rating models.||Develop IFRS 9 expected-credit-loss models.||Monitor, backtest, calibrate, and benchmark model performance.||Perform stress testing and support the model-governance framework.","ปริญญาโทด้านการเงิน เศรษฐศาสตร์ สถิติ คณิตศาสตร์ วิศวกรรมศาสตร์ วิทยาการข้อมูล หรือการบริหารความเสี่ยง||มีประสบการณ์ด้านแบบจำลองความเสี่ยงเครดิตอย่างน้อย 5 ปี||มีความรู้ Basel III/IV, ICAAP และ IFRS 9||ใช้ SQL, SAS, Python, R หรือเครื่องมือ Business Intelligence ได้","Master's degree in finance, economics, statistics, mathematics, engineering, data science, or risk management.||At least five years of credit-risk modelling experience.||Knowledge of Basel III/IV, ICAAP, and IFRS 9.||Proficiency with SQL, SAS, Python, R, or business-intelligence tools.","JobsDB","https://th.jobsdb.com/job/94735552?origin=cardTitle&ref=search-standalone&type=standard","2026-09-29","","2026-10-01"
"thaibma-quantitative-analyst","true","2","สมาคมตลาดตราสารหนี้ไทย","ThaiBMA","assets/employer-thaibma.svg","Quantitative Analyst","Quantitative Analyst","การกำหนดราคาและวิจัยตลาดตราสารหนี้","Bond Pricing & Market Research","ประกาศรับสมัคร","Recruitment notice","เขตปทุมวัน กรุงเทพมหานคร","Pathum Wan, Bangkok","พนักงานประจำ รูปแบบผสมผสาน","Full-time, hybrid","ตำแหน่งเชิงปริมาณสำหรับงานกำหนดราคา Mark-to-Market ของตราสารหนี้ การพัฒนาวิธีประเมินมูลค่าผลิตภัณฑ์ใหม่ และการวิจัยตลาดตราสารหนี้","A quantitative role in bond mark-to-market pricing, valuation methodology for new products, and fixed-income market research.","สนับสนุนกระบวนการกำหนดราคา Mark-to-Market ของตราสารหนี้||พัฒนาวิธีการกำหนดราคาสำหรับตราสารหนี้และผลิตภัณฑ์โครงสร้างใหม่||พัฒนาเครื่องมือข้อมูลและเครื่องมือวิเคราะห์เพื่อสนับสนุนการตัดสินใจ||วิจัยหลักเกณฑ์การกำหนดราคาและดำเนินงานวิจัยเชิงปริมาณ","Support bond mark-to-market pricing processes.||Develop pricing methodologies for new bonds and structured products.||Build data and analytical tools that support decision-making.||Research pricing conventions and conduct quantitative studies.","ปริญญาตรีหรือโทด้านวิศวกรรมการเงิน การเงินเชิงคณิตศาสตร์ การเงิน เศรษฐศาสตร์ คณิตศาสตร์ สถิติ หรือสาขาเชิงปริมาณ||มีประสบการณ์ 2-5 ปีด้านการวิเคราะห์ข้อมูลหรือผลิตภัณฑ์ทางการเงิน||ใช้ Excel, VBA หรือ MATLAB ได้ โดย Python, SQL และ Power BI จะได้รับการพิจารณาเป็นพิเศษ||CFA หรือ FRM จะได้รับการพิจารณาเป็นพิเศษ","Bachelor's or master's degree in financial engineering, mathematical finance, finance, economics, mathematics, statistics, or another quantitative field.||Two to five years of experience in data analysis or financial products.||Proficiency in Excel, VBA, or MATLAB; Python, SQL, and Power BI are advantageous.||CFA or FRM progress is advantageous.","ThaiBMA / JobsDB","https://th.jobsdb.com/job/94675956?origin=cardTitle&ref=search-standalone&type=standard","2026-09-18","","2026-10-01"
"kkp-quantitative-trade-engineer","true","3","บริษัทหลักทรัพย์ เกียรตินาคินภัทร จำกัด (มหาชน)","KKP Securities","assets/employer-kkp.svg","Quantitative Trade Engineer","Quant Developer","วิศวกรรมระบบซื้อขายเชิงปริมาณ","Quantitative Trading Engineering","ประกาศรับสมัคร","Recruitment notice","กรุงเทพมหานคร","Bangkok","พนักงานประจำ","Full-time","บทบาทวิศวกรรมสำหรับการสร้างโครงสร้างพื้นฐานข้อมูล เครื่องมือจำลอง และระบบซื้อขายที่เชื่อมงานวิจัยเชิงปริมาณกับการใช้งานจริง","An engineering role building data infrastructure, simulation tools, and trading systems that move quantitative research into production.","สร้างและดูแล data pipeline เครื่องมือจำลอง และระบบซื้อขาย||ทำงานร่วมกับเทรดเดอร์และนักวิจัยเพื่อพัฒนากลยุทธ์ให้พร้อมใช้งานจริง||ประมวลผลชุดข้อมูลขนาดใหญ่และปรับปรุงประสิทธิภาพของระบบ||สนับสนุนการติดตั้งและการทำงานของระบบบน cloud และ container platform","Build and maintain data pipelines, simulation tools, and trading systems.||Partner with traders and researchers to productionize strategies.||Process large datasets and improve system performance.||Support deployments on cloud and container platforms.","ปริญญาด้านวิทยาการคอมพิวเตอร์ วิศวกรรมศาสตร์ หรือสาขาเชิงปริมาณที่เกี่ยวข้อง||มีทักษะ Python โดย C# หรือ C++ จะได้รับการพิจารณาเป็นพิเศษ||มีประสบการณ์กับการประมวลผลข้อมูลขนาดใหญ่ การจำลอง หรือระบบซื้อขาย||ความรู้ React, Docker, Kubernetes หรือ cloud platform จะเป็นประโยชน์","Degree in computer science, engineering, or a related quantitative discipline.||Strong Python skills; C# or C++ is advantageous.||Experience with large-scale data processing, simulation, or trading systems.||React, Docker, Kubernetes, or cloud-platform knowledge is beneficial.","Kiatnakin Phatra Careers","https://careers.kkpfg.com/job/Bangkok-Quantitative-Trade-Engineer/53749044/","2026-09-13","","2026-10-01"
"kasikorn-securities-market-risk","true","4","บริษัทหลักทรัพย์ กสิกรไทย จำกัด (มหาชน)","Kasikorn Securities","assets/employer-kasikorn-securities.svg","Market Risk","Risk Management","การบริหารความเสี่ยงตลาด","Market Risk Management","ประกาศรับสมัคร","Recruitment notice","เขตพญาไท กรุงเทพมหานคร","Phaya Thai, Bangkok","พนักงานประจำ","Full-time","บทบาทด้านการติดตามความเสี่ยงตลาด การพัฒนาและทดสอบแบบจำลอง ตลอดจนการวิเคราะห์ VaR, stress test และผลการดำเนินงานของกองทุน","A market-risk role spanning daily monitoring, model development and validation, VaR, stress testing, and fund-performance analysis.","ติดตามความเสี่ยงตลาดประจำวันสำหรับผลิตภัณฑ์ทางการเงินและตราสารอนุพันธ์||พัฒนา ตรวจสอบ และทดสอบแบบจำลองความเสี่ยง||วิเคราะห์ผลการดำเนินงานของกองทุนเอกชนด้วย Sharpe ratio และ performance attribution||จัดทำ VaR, stress test และรายงานความเสี่ยงต่อผู้บริหาร","Monitor daily market risk across financial products and derivatives.||Develop, validate, and test risk models.||Analyze private-fund performance using Sharpe ratios and performance attribution.||Produce VaR, stress tests, and management risk reports.","ปริญญาด้านการเงิน วิศวกรรมการเงิน วิทยาการคอมพิวเตอร์ หรือสาขาที่เกี่ยวข้อง||มีประสบการณ์อย่างน้อย 2 ปีด้านความเสี่ยงตลาดหรือการวิเคราะห์ทางการเงิน||มีความรู้ผลิตภัณฑ์ทางการเงิน ตราสารอนุพันธ์ และแบบจำลองทางการเงิน||ทักษะการเขียนโปรแกรมจะได้รับการพิจารณาเป็นพิเศษ","Degree in finance, financial engineering, computer science, or a related field.||At least two years of market-risk or financial-analysis experience.||Knowledge of financial products, derivatives, and financial modelling.||Programming skills are preferred.","JobsDB","https://th.jobsdb.com/job/94576967?origin=cardTitle&ref=search-standalone&type=standard","2026-09-12","","2026-10-01"
"kkp-quant-solutions-derivatives-markets","true","5","บริษัทหลักทรัพย์ เกียรตินาคินภัทร จำกัด (มหาชน)","KKP Securities","assets/employer-kkp.svg","Quant Solutions & Derivatives Markets","Financial Engineer","โซลูชันเชิงปริมาณและตลาดอนุพันธ์","Quant Solutions & Derivatives Markets","ประกาศรับสมัคร","Recruitment notice","กรุงเทพมหานคร","Bangkok","พนักงานประจำ","Full-time","บทบาทด้านระบบซื้อขายความหน่วงต่ำ การให้บริการลูกค้าสถาบัน และการพัฒนาโครงสร้างพื้นฐานสำหรับอนุพันธ์และการยืมให้ยืมหลักทรัพย์","A role in low-latency agency trading, institutional-client support, and infrastructure for derivatives and securities lending.","พัฒนาและสนับสนุนระบบ agency trading ที่มีความหน่วงต่ำ||พัฒนาระบบ stock borrowing and lending และระบบจัดการคำสั่งซื้อขาย||วิเคราะห์และแก้ไขปัญหาด้านสถาปัตยกรรมระบบ เครือข่าย และฐานข้อมูล||สนับสนุนงาน sales trading และ execution สำหรับลูกค้าสถาบัน","Develop and support ultra-low-latency agency-trading systems.||Build stock-borrowing-and-lending and order-management systems.||Analyze and resolve system-architecture, network, and database issues.||Support institutional sales-trading and execution activities.","ปริญญาด้านวิทยาการคอมพิวเตอร์ เทคโนโลยีสารสนเทศ วิทยาการข้อมูล วิศวกรรมซอฟต์แวร์ หรือสาขาที่เกี่ยวข้อง||เข้าใจ Linux, system architecture และ TCP/IP||ใช้ Python, R หรือ SQL ได้ และมีทักษะด้าน data visualization||ประสบการณ์ระบบ front-office หรือตลาดทุนจะได้รับการพิจารณาเป็นพิเศษ","Degree in computer science, information technology, data science, software engineering, or a related field.||Understanding of Linux, system architecture, and TCP/IP.||Proficiency with Python, R, or SQL and data-visualization tools.||Capital-markets or front-office systems experience is preferred.","Kiatnakin Phatra Careers","https://careers.kkpfg.com/job/Bangkok-Quant-Solutions-%26-Derivatives-Markets/56712244/","2026-09-03","","2026-10-01"
"phillip-quantitative-risk-management","true","6","บริษัทหลักทรัพย์ ฟิลลิป (ประเทศไทย) จำกัด (มหาชน)","Phillip Securities Thailand","assets/employer-phillip.svg","Quantitative Risk Management Manager / Senior Manager","Risk Management","การบริหารความเสี่ยงเชิงปริมาณ","Quantitative Risk Management","ประกาศรับสมัคร","Recruitment notice","กรุงเทพมหานคร","Bangkok","พนักงานประจำ","Full-time","ตำแหน่งบริหารความเสี่ยงเชิงปริมาณสำหรับธุรกิจหลักทรัพย์ ครอบคลุม margin lending, block trade, proprietary trading, private fund และเงินกองทุนสภาพคล่องสุทธิ","A quantitative-risk role covering margin lending, block trades, proprietary trading, private funds, and net-capital requirements.","พัฒนาเครื่องมือเชิงปริมาณ วิธีบริหารความเสี่ยง และกระบวนการอัตโนมัติ||กำหนด initial margin และ credit limit สำหรับธุรกรรมที่เกี่ยวข้อง||จัดทำ VaR, stress test, risk report และ dashboard||สนับสนุนการวิเคราะห์ความเสี่ยงของพอร์ตและข้อกำกับ NCR","Develop quantitative tools, risk methods, and automated workflows.||Set initial-margin and credit-limit parameters for relevant transactions.||Produce VaR, stress tests, risk reports, and dashboards.||Support portfolio-risk and net-capital-rule analysis.","ปริญญาด้านการบริหารความเสี่ยง การเงิน เศรษฐศาสตร์ สถิติ วิศวกรรมการเงิน คณิตศาสตร์ หรือวิทยาการคอมพิวเตอร์||มีประสบการณ์ 3-7 ปีด้านความเสี่ยงเชิงปริมาณ แบบจำลองทางการเงิน สถิติ หรือความเสี่ยงพอร์ต||ใช้ SQL, Python หรือ VBA ได้||มีความเข้าใจผลิตภัณฑ์หลักทรัพย์และกรอบกำกับดูแลความเสี่ยง","Degree in risk management, finance, economics, statistics, financial engineering, mathematics, or computer science.||Three to seven years of experience in quantitative risk, financial modelling, statistics, or portfolio risk.||Proficiency with SQL, Python, or VBA.||Understanding of securities products and risk-governance frameworks.","JobCute","https://www.jobcute.com/en/employer/phillip-securities-thailand-public-company-limited/quantitative-risk-management-manager-senior-manager-bk-261954","2026-08-21","","2026-10-01"
"bualuang-quantitative-trader","true","7","บริษัทหลักทรัพย์ บัวหลวง จำกัด (มหาชน)","Bualuang Securities","assets/employer-bualuang.svg","Quantitative Trader (Proprietary Trading)","Quant Trader","การซื้อขายเชิงปริมาณสำหรับพอร์ตบริษัท","Quantitative Proprietary Trading","ประกาศรับสมัคร","Recruitment notice","กรุงเทพมหานคร","Bangkok","พนักงานประจำ","Full-time","ตำแหน่งเทรดเดอร์เชิงปริมาณสำหรับการวิจัยแบบจำลอง พัฒนากลยุทธ์ และเพิ่มประสิทธิภาพการซื้อขายในตลาดหลักทรัพย์ไทยและต่างประเทศ","A quantitative-trading role focused on model research, strategy development, and execution efficiency across Thai and global exchanges.","วิจัยและปรับปรุงแบบจำลอง ข้อมูล และพารามิเตอร์สำหรับกลยุทธ์ซื้อขาย||เพิ่มประสิทธิภาพการซื้อขายในตลาดหลักทรัพย์ไทยและต่างประเทศ||จัดทำรายงาน P&L, risk และ position||ปรับปรุงกระบวนการปฏิบัติงานและรองรับการทำงานเป็นกะกลางคืน","Research and refine models, data, and parameters for trading strategies.||Improve execution efficiency across local and global exchanges.||Produce P&L, risk, and position reports.||Improve operating processes and support night-shift coverage.","ปริญญาตรีหรือโทด้านการเงินเชิงปริมาณ คณิตศาสตร์ สถิติ วิศวกรรมศาสตร์ หรือสาขาที่เกี่ยวข้อง||มีทักษะคณิตศาสตร์ การเขียนโปรแกรม และสถิติสมัยใหม่||ใช้ Python, R หรือ VBA ได้||ความรู้ด้านหุ้น ตราสารอนุพันธ์ หรือผลิตภัณฑ์ OTC จะได้รับการพิจารณาเป็นพิเศษ","Bachelor's or master's degree in quantitative finance, mathematics, statistics, engineering, or a related field.||Strong mathematics, programming, and modern-statistics skills.||Proficiency with Python, R, or VBA.||Equities, derivatives, or OTC-product knowledge is advantageous.","Bualuang Securities Careers","https://www.bualuang.co.th/en/career-opportunities/jobs/quantitative-trader-%28proprietary-trading%29","","","2026-10-01"
"vanta-capital-quantitative-trader","true","8","Vanta Capital","Vanta Capital","assets/employer-vanta.svg","Quantitative Trader","Quant Trader","วิจัยและพัฒนากลยุทธ์ซื้อขายเชิงปริมาณ","Quantitative Strategy Research & Trading","ประกาศรับสมัคร","Recruitment notice","กรุงเทพมหานคร","Bangkok","พนักงานประจำ","Full-time","บทบาทด้านการวิจัย สร้าง ทดสอบย้อนหลัง และนำแบบจำลองหรือกลยุทธ์ซื้อขายเชิงปริมาณขึ้นใช้งานจริง","A role researching, building, backtesting, and deploying quantitative models and trading strategies.","สร้างแบบจำลอง กลยุทธ์ และระบบซื้อขายจากข้อมูลตลาดขนาดใหญ่||ทดสอบย้อนหลังและนำกลยุทธ์ขึ้นใช้งานจริง||ติดตามความเสี่ยงและการปฏิบัติตามข้อกำหนดของระบบซื้อขาย||พัฒนาระบบอัตโนมัติเพื่อเพิ่มประสิทธิภาพการวิจัยและการซื้อขาย","Build models, strategies, and trading systems from large market datasets.||Backtest strategies and deploy them into production.||Monitor trading risk and compliance.||Automate research and trading workflows.","ปริญญาตรีหรือโทด้านคณิตศาสตร์ สถิติ วิศวกรรมศาสตร์ วิทยาการคอมพิวเตอร์ หรือสาขาเทคนิคที่เกี่ยวข้อง||มีทักษะตรรกะ คณิตศาสตร์ และการเขียนโปรแกรมในระดับดี||ประสบการณ์กับข้อมูล tick ขนาดใหญ่จะได้รับการพิจารณาเป็นพิเศษ||ไม่จำเป็นต้องมีประสบการณ์ด้านการเงินมาก่อน","Bachelor's or master's degree in mathematics, statistics, engineering, computer science, or another technical field.||Strong logical, mathematical, and programming ability.||Experience with large tick datasets is advantageous.||Prior finance experience is not required.","Vanta Capital Careers","https://www.vanta-capital.com/quantitative-trader","","","2026-10-01"
"cgsi-equity-derivatives-trader","true","9","บริษัทหลักทรัพย์ ซีจีเอส อินเตอร์เนชั่นแนล (ประเทศไทย) จำกัด","CGS International","assets/employer-cgsi.svg","Equity Derivatives Trader","Quant Trader","อนุพันธ์หุ้นและผลิตภัณฑ์โครงสร้าง","Equity Derivatives & Structured Products","ประกาศรับสมัคร","Recruitment notice","กรุงเทพมหานคร","Bangkok","พนักงานประจำ ประจำสำนักงาน","Full-time, onsite","ตำแหน่งเทรดเดอร์อนุพันธ์หุ้น ครอบคลุม SSF block trade การกำหนดราคาและป้องกันความเสี่ยง structured note รวมถึงการพัฒนาเครื่องมือราคา","An equity-derivatives seat covering SSF block trades, structured-note pricing and hedging, and pricing-tool development.","ดำเนินการ SSF block trade และดูแลระบบซื้อขาย||กำหนดราคา vanilla และ exotic structured notes||ดูแลการป้องกันความเสี่ยงและติดตาม market risk||พัฒนาและดูแล pricing tools ด้วย Python และ VBA","Execute SSF block trades and operate the trading system.||Price vanilla and exotic structured notes.||Manage hedging operations and monitor market risk.||Build and maintain pricing tools in Python and VBA.","ปริญญาด้านการเงิน เศรษฐศาสตร์ วิศวกรรมศาสตร์ วิศวกรรมการเงิน หรือสาขาที่เกี่ยวข้อง||มีความรู้ด้านอนุพันธ์ การกำหนดราคา และการป้องกันความเสี่ยง||Python และ VBA สำหรับงาน pricing หรือ tooling||ปริญญาโทสาขาเชิงปริมาณ FRM หรือ SQL จะได้รับการพิจารณาเป็นพิเศษ","Degree in finance, economics, engineering, financial engineering, or a related field.||Knowledge of derivatives, pricing, and hedging.||Python and VBA for pricing or tooling work.||A quantitative master's degree, FRM, or SQL is advantageous.","LinkedIn","https://th.linkedin.com/jobs/view/equity-derivatives-trader-at-cgs-international-securities-thailand-4471312643","2026-09-29","","2026-10-01"
"krungsri-securities-equity-derivatives-trader","true","10","บริษัทหลักทรัพย์ กรุงศรี จำกัด (มหาชน)","Krungsri Securities","assets/employer-krungsri-securities.svg","Equity Derivatives Trader","Quant Trader","การซื้อขายและดูแลสภาพคล่องอนุพันธ์หุ้น","Equity Derivatives Trading & Market Making","ประกาศรับสมัคร","Recruitment notice","กรุงเทพมหานคร","Bangkok","พนักงานประจำ ประจำสำนักงาน","Full-time, onsite","ตำแหน่งซื้อขายและทำ market making ในตราสารอนุพันธ์หุ้น ออปชัน และผลิตภัณฑ์โครงสร้าง พร้อมดูแลราคาและความเสี่ยงของพอร์ต","A trading and market-making role in equity derivatives, listed options, and structured products with responsibility for pricing and portfolio risk.","ซื้อขายและบริหารพอร์ตอนุพันธ์หุ้นและผลิตภัณฑ์โครงสร้าง||ทำ market making และติดตามสถานะกับความเสี่ยงระหว่างวัน||วิเคราะห์ข้อมูลตลาดและดูแลแบบจำลองซื้อขาย||จัดทำรายงานผลการดำเนินงาน ความเสี่ยง และพัฒนาการตลาด","Trade and manage equity-derivatives and structured-product positions.||Provide market making and monitor intraday positions and risk.||Analyze market data and maintain trading models.||Report performance, risk exposure, and market developments.","ปริญญาตรีหรือโทด้านการเงิน เศรษฐศาสตร์ คณิตศาสตร์ วิศวกรรมศาสตร์ หรือสาขาเชิงปริมาณ||มีความรู้อนุพันธ์หุ้น การกำหนดราคา volatility surface และ Greeks||มีทักษะวิเคราะห์เชิงตัวเลข โดย Python หรือ R จะได้รับการพิจารณาเป็นพิเศษ||พิจารณาเฉพาะผู้มีสัญชาติไทย","Bachelor's or master's degree in finance, economics, mathematics, engineering, or a quantitative field.||Knowledge of equity derivatives, pricing, volatility surfaces, and Greeks.||Strong numerical skills; Python or R is advantageous.||Only Thai citizens are considered for this role.","LinkedIn","https://th.linkedin.com/jobs/view/equity-derivatives-trader-4466171828","2026-09-24","","2026-10-01"
"bangkok-bank-adaptive-risk-analytics","true","11","ธนาคารกรุงเทพ จำกัด (มหาชน)","Bangkok Bank","assets/employer-bangkok-bank.svg","Adaptive & Advance Risk Analytics","Risk Management","การวิเคราะห์และพัฒนาแบบจำลองความเสี่ยงลูกค้ารายย่อย","Consumer Risk Analytics & Modeling","ประกาศรับสมัคร","Recruitment notice","เขตบางรัก กรุงเทพมหานคร","Bang Rak, Bangkok","พนักงานประจำ","Full-time","บทบาทพัฒนา ติดตาม และปรับปรุงแบบจำลอง Consumer Banking พร้อมการวิเคราะห์ข้อมูลและ stress testing เชิงสถานการณ์","A consumer-risk analytics role developing, monitoring, and improving banking models with data analysis and scenario stress testing.","เตรียมและประมวลผลข้อมูลสำหรับ segmentation และ model development||พัฒนาและติดตามแบบจำลอง acquisition, account maintenance และ collection||ติดตามประสิทธิภาพของแบบจำลองและ customer-level risk rating||ทำ scenario-based stress testing และจัดทำ risk insight","Prepare and manipulate data for segmentation and model development.||Develop and monitor acquisition, account-maintenance, and collection models.||Track model performance and customer-level risk ratings.||Perform scenario-based stress testing and produce risk insights.","ปริญญาด้านการเงิน การบัญชี เศรษฐศาสตร์ วิศวกรรมการเงิน หรือสาขาที่เกี่ยวข้อง||มีประสบการณ์ด้านการบริหารความเสี่ยงอย่างน้อย 2 ปี||เข้าใจธุรกิจ Consumer Banking และผลิตภัณฑ์ธนาคาร||มีแนวคิดเชิงวิเคราะห์และเชิงปริมาณ","Degree in finance, accounting, economics, financial engineering, or a related field.||At least two years of risk-management experience.||Knowledge of consumer-banking businesses and products.||Strong analytical and quantitative approach.","Jobstreet","https://sg.jobstreet.com/job/94965794?origin=cardTitle&ref=search-standalone&type=standard","2026-09-30","","2026-10-01"
"bangkok-bank-market-risk-officer","true","12","ธนาคารกรุงเทพ จำกัด (มหาชน)","Bangkok Bank","assets/employer-bangkok-bank.svg","Market Risk Officer","Risk Management","การบริหารความเสี่ยงตลาดและงาน Treasury","Market Risk & Treasury","ประกาศรับสมัคร","Recruitment notice","เขตบางรัก กรุงเทพมหานคร","Bang Rak, Bangkok","พนักงานประจำ","Full-time","ตำแหน่งความเสี่ยงตลาดที่พัฒนาและดำเนินงาน VaR, stress testing และ simulation สำหรับผลิตภัณฑ์ตลาดเงินและอนุพันธ์","A market-risk role developing and operating VaR, stress-testing, and simulation routines for treasury and derivatives exposures.","พัฒนามาตรการและกระบวนการติดตามความเสี่ยงตลาด||พัฒนา quantitative risk routines สำหรับ VaR, stress testing และ simulation||ตรวจสอบข้อมูลสำหรับเครื่องมือประเมินความเสี่ยงอัตราดอกเบี้ย||สนับสนุนการวิเคราะห์และโครงการด้านความเสี่ยง","Develop market-risk controls and monitoring procedures.||Build quantitative routines for VaR, stress testing, and simulations.||Verify data used by interest-rate risk assessment tools.||Support risk analysis and special projects.","ปริญญาด้านการเงิน การบัญชี วิศวกรรมการเงิน บริหารธุรกิจ หรือสาขาที่เกี่ยวข้อง||ประสบการณ์ Treasury, FX, derivatives หรือ futures จะได้รับการพิจารณาเป็นพิเศษ||ใช้ฐานข้อมูล Excel, Access และ SQL ได้||มีทักษะวิเคราะห์เชิงปริมาณ","Degree in finance, accounting, financial engineering, business administration, or a related field.||Treasury, FX, derivatives, or futures experience is advantageous.||Database, Excel, Access, and SQL skills.||Strong quantitative analytical ability.","Jobstreet","https://sg.jobstreet.com/job/94967199?origin=cardTitle&ref=search-standalone&type=standard","2026-09-30","","2026-10-01"
"kbank-market-liquidity-risk-manager","true","13","ธนาคารกสิกรไทย จำกัด (มหาชน)","KASIKORNBANK","assets/employer-kbank.svg","Market and Liquidity Risk Manager","Risk Management","ความเสี่ยงตลาด สภาพคล่อง และ ALM","Market, Liquidity Risk & ALM","ประกาศรับสมัคร","Recruitment notice","เขตพญาไท กรุงเทพมหานคร","Phaya Thai, Bangkok","พนักงานประจำ รูปแบบผสมผสาน","Full-time, hybrid","บทบาทด้าน IRRBB ความเสี่ยงสภาพคล่อง การทดสอบภาวะวิกฤต และการพัฒนาแบบจำลองวัดความเสี่ยงของงบดุล","A role covering IRRBB, liquidity risk, stress testing, and development of balance-sheet risk measurement models.","ติดตามและวิเคราะห์ IRRBB ภายใต้สถานการณ์อัตราดอกเบี้ยต่างๆ||วิเคราะห์ liquidity ratios, funding concentration และ cash flow||พัฒนาแบบจำลองและวิธีวัดความเสี่ยงตลาดและสภาพคล่อง||ทำงานร่วมกับ Treasury, Finance และ ALM เพื่อประเมินกลยุทธ์งบดุล","Monitor and analyze IRRBB under multiple interest-rate scenarios.||Assess liquidity ratios, funding concentration, and cash flows.||Develop market- and liquidity-risk measurement models and methodologies.||Partner with Treasury, Finance, and ALM on balance-sheet strategy.","ปริญญาตรีหรือโทด้านการเงิน เศรษฐศาสตร์ การบัญชี การบริหารความเสี่ยง วิศวกรรมการเงิน หรือสาขาที่เกี่ยวข้อง||มีประสบการณ์ 5-8 ปีด้าน market risk, liquidity risk, ALM หรือ treasury risk||มีความรู้ IRRBB, LCR, NSFR และ liquidity stress testing||SQL, SAS, Python หรือ Power BI จะได้รับการพิจารณาเป็นพิเศษ","Bachelor's or master's degree in finance, economics, accounting, risk management, financial engineering, or a related field.||Five to eight years of market risk, liquidity risk, ALM, or treasury-risk experience.||Knowledge of IRRBB, LCR, NSFR, and liquidity stress testing.||SQL, SAS, Python, or Power BI is advantageous.","Jobstreet","https://sg.jobstreet.com/job/94949199?origin=cardTitle&ref=search-standalone&type=standard","2026-09-30","","2026-10-01"
"kkp-bank-risk-intelligence","true","14","ธนาคารเกียรตินาคินภัทร จำกัด (มหาชน)","KKP Bank","assets/employer-kkp.svg","Risk Intelligence","Risk Management","โครงสร้างข้อมูลและการวิเคราะห์ความเสี่ยงเครดิต","Credit Risk Data & Analytics","ประกาศรับสมัคร","Recruitment notice","กรุงเทพมหานคร","Bangkok","พนักงานประจำ รูปแบบผสมผสาน","Full-time, hybrid","บทบาทเชื่อมงาน data engineering กับการวิเคราะห์ความเสี่ยง โดยสร้างโครงสร้างข้อมูลและ pipeline สำหรับแบบจำลอง Credit Risk ของธนาคาร","A role bridging data engineering and risk analytics by building infrastructure and pipelines for the bank's credit-risk models.","ออกแบบและพัฒนา data pipeline และโครงสร้างพื้นฐานสำหรับ risk analytics||ตรวจสอบคุณภาพและความถูกต้องของข้อมูลสำหรับแบบจำลอง||พัฒนา dashboard เพื่อติดตาม portfolio performance||ประยุกต์สถิติและ AI tools เพื่อสนับสนุนงานวิเคราะห์","Design data pipelines and infrastructure for risk analytics.||Implement data validation and quality controls for model inputs.||Build dashboards that track portfolio performance.||Apply statistical thinking and AI tools to analytical workflows.","ปริญญาด้านเศรษฐศาสตร์ การเงิน สถิติ วิศวกรรมศาสตร์ วิทยาการคอมพิวเตอร์ Data Science หรือคณิตศาสตร์||มีประสบการณ์ 0-3 ปีด้าน Data Engineering หรือ Data Analytics||มีทักษะ Python, SAS, Databricks และ Power BI||เข้าใจโครงสร้างข้อมูลและการตรวจสอบข้อมูลระดับองค์กร","Degree in economics, finance, statistics, engineering, computer science, data science, or mathematics.||Zero to three years of data-engineering or data-analytics experience.||Skills in Python, SAS, Databricks, and Power BI.||Understanding of enterprise data architecture and validation.","Jobstreet","https://sg.jobstreet.com/job/94923664?origin=cardTitle&ref=search-standalone&type=standard","2026-09-29","","2026-10-01"
"lh-bank-credit-risk-specialist","true","15","ธนาคารแลนด์ แอนด์ เฮ้าส์ จำกัด (มหาชน)","LH Bank","assets/employer-lh-bank.svg","Credit Risk Specialist","Risk Management","การวัดและพัฒนาแบบจำลองความเสี่ยงเครดิต","Credit Risk Measurement & Modeling","ประกาศรับสมัคร","Recruitment notice","เขตสาทร กรุงเทพมหานคร","Sathon, Bangkok","พนักงานประจำ","Full-time","ตำแหน่งพัฒนา ติดตาม และดูแลแบบจำลองความเสี่ยงเครดิต ครอบคลุม statistical modeling, stress testing และ advanced risk measurement","A role developing, monitoring, and maintaining credit-risk models, including statistical modelling, stress testing, and advanced risk measurement.","พัฒนา ติดตาม และดูแลแบบจำลองความเสี่ยงเครดิตตาม model governance||ประเมินปัจจัยความเสี่ยงและวิธีวัด potential exposure||พัฒนาแบบจำลองทางสถิติและสนับสนุน stress testing||พัฒนา concentration risk, RAROC และ proxy income model","Develop, monitor, and maintain credit-risk models under the model-governance framework.||Assess credit-risk factors and potential exposure.||Develop statistical models and support stress testing.||Build concentration-risk, RAROC, and proxy-income measurements.","ปริญญาตรีหรือโทด้านสถิติ เศรษฐศาสตร์ การเงิน วิศวกรรมศาสตร์ การบัญชี หรือสาขาที่เกี่ยวข้อง||มีประสบการณ์ด้าน credit modeling หรือธุรกิจธนาคารอย่างน้อย 1 ปี||ใช้ SAS, Python และ SQL ได้||มีทักษะการวิเคราะห์และภาษาอังกฤษ","Bachelor's or master's degree in statistics, economics, finance, engineering, accounting, or a related field.||At least one year of credit-modelling or banking experience.||Proficiency with SAS, Python, and SQL.||Strong analytical and English-language skills.","Jobstreet","https://sg.jobstreet.com/job/94624894?origin=cardTitle&ref=search-standalone&type=standard","2026-09-15","","2026-10-01"
"uob-avp-risk-analytics-sme","true","16","ธนาคารยูโอบี จำกัด (มหาชน)","UOB Thailand","assets/employer-uob.svg","AVP, Risk Analytics (SME Banking)","Risk Management","การวิเคราะห์ความเสี่ยงสินเชื่อ SME","SME Credit Risk Analytics","ประกาศรับสมัคร","Recruitment notice","กรุงเทพมหานคร","Bangkok","พนักงานประจำ ประจำสำนักงาน","Full-time, onsite","บทบาทด้าน risk analytics และ portfolio management สำหรับ SME Banking โดยเชื่อม risk parameter, lending policy และ product pricing กับกลยุทธ์ธุรกิจ","A risk-analytics and portfolio-management role for SME Banking, aligning risk parameters, lending policies, and product pricing with business strategy.","วิเคราะห์และติดตามคุณภาพพอร์ตสินเชื่อ SME||ปรับปรุง risk parameters และ lending policies||พัฒนารายงานและ dashboard สำหรับผู้บริหารและหน่วยงานกำกับ||ให้คำแนะนำด้าน credit risk analytics สำหรับการออกแบบโครงการและผลิตภัณฑ์","Analyze and monitor SME credit-portfolio performance.||Improve risk parameters and lending policies.||Develop reports and dashboards for management and regulators.||Provide credit-risk analytics for program and product design.","มีประสบการณ์ 5-8 ปีด้าน credit risk analytics, portfolio management หรือ risk modeling||มีความรู้ธุรกิจ SME หรือ Retail Banking||สามารถเชื่อม risk analytics กับ product pricing และกลยุทธ์ธุรกิจ||มีทักษะวิเคราะห์ข้อมูลและการสื่อสารกับผู้มีส่วนได้ส่วนเสีย","Five to eight years of credit-risk analytics, portfolio-management, or risk-modelling experience.||SME or retail-banking knowledge.||Ability to connect risk analytics with product pricing and business strategy.||Strong data-analysis and stakeholder-communication skills.","UOB Careers","https://uobgroup.wd3.myworkdayjobs.com/uobexternal/job/bangkok-city-area/avp--risk-analytics--sme-banking-_jr93229","","2026-10-31","2026-10-01"
"bank-of-china-risk-control-officer","true","17","ธนาคารแห่งประเทศจีน (ไทย) จำกัด (มหาชน)","Bank of China Thailand","assets/employer-bank-of-china.svg","Risk Control Officer (Credit & Market Risk)","Risk Management","การควบคุมความเสี่ยงเครดิตและตลาด","Credit & Market Risk Control","ประกาศรับสมัคร","Recruitment notice","เขตสาทร กรุงเทพมหานคร","Sathon, Bangkok","พนักงานประจำ","Full-time","ตำแหน่งด้าน Basel RWA, ECL ตาม TFRS 9 และการติดตาม market risk limit สำหรับ trading book และ banking book","A role covering Basel RWA, TFRS 9 ECL, and market-risk limit monitoring across trading and banking books.","คำนวณ Basel RWA และ ECL ตาม TFRS 9||ติดตาม market risk limit และตัวชี้วัดความเสี่ยง||วิเคราะห์ความเสี่ยงของ trading book และ banking book||พัฒนานโยบายและรายงานความเสี่ยงสำหรับผู้บริหาร","Calculate Basel RWA and TFRS 9 ECL.||Monitor market-risk limits and key risk indicators.||Analyze trading-book and banking-book risk.||Develop risk policies and management reports.","ปริญญาตรีหรือโทด้านการเงิน เศรษฐศาสตร์ การบัญชี การบริหารความเสี่ยง หรือสาขาที่เกี่ยวข้อง||มีประสบการณ์ธนาคารอย่างน้อย 3 ปีด้าน credit risk และ market risk||มีความรู้ผลิตภัณฑ์ธนาคารและข้อกำกับของธนาคารแห่งประเทศไทย||มีทักษะวิเคราะห์ Excel และภาษาอังกฤษ","Bachelor's or master's degree in finance, economics, accounting, risk management, or a related field.||At least three years of banking experience in credit and market risk.||Knowledge of banking products and Bank of Thailand regulation.||Strong analytical, Excel, and English-language skills.","LinkedIn","https://th.linkedin.com/jobs/view/risk-control-officer-credit-market-risk-at-bank-of-china-thailand-4450856887","2026-09-10","","2026-10-01"
"ttb-senior-specialist-alm","true","18","ธนาคารทหารไทยธนชาต จำกัด (มหาชน)","ttb bank","assets/employer-ttb.svg","Senior Specialist - Asset and Liability Management","Risk Management","การบริหารสินทรัพย์และหนี้สิน","Asset & Liability Management","ประกาศรับสมัคร","Recruitment notice","กรุงเทพมหานคร","Bangkok","พนักงานประจำ","Full-time","บทบาท ALM ที่วิเคราะห์ความเสี่ยงสภาพคล่อง ความเสี่ยงอัตราดอกเบี้ย IRRBB และสถานการณ์งบดุลเพื่อสนับสนุน ALCO","An ALM role analyzing liquidity risk, interest-rate risk, IRRBB, and balance-sheet scenarios in support of ALCO.","วิเคราะห์ความเสี่ยงสภาพคล่องและอัตราดอกเบี้ย||ทำ stress testing และติดตาม risk indicators||วิเคราะห์ scenario ของงบดุล โครงสร้าง funding และ asset-liability positioning||จัดทำรายงาน IRRBB และข้อมูลสำหรับ ALCO","Analyze liquidity and interest-rate risk.||Perform stress testing and monitor risk indicators.||Assess balance-sheet scenarios, funding structure, and asset-liability positioning.||Prepare IRRBB reports and ALCO materials.","ปริญญาตรีหรือโทด้านการเงิน เศรษฐศาสตร์ หรือสาขาที่เกี่ยวข้อง||มีประสบการณ์ด้านธนาคาร Treasury, ALM หรือ financial risk||เข้าใจ liquidity risk, interest-rate risk และผลิตภัณฑ์ทางการเงิน||มีทักษะวิเคราะห์เชิงปริมาณ","Bachelor's or master's degree in finance, economics, or a related field.||Experience in banking, treasury, ALM, or financial risk.||Understanding of liquidity risk, interest-rate risk, and financial products.||Strong quantitative analytical skills.","LinkedIn","https://www.linkedin.com/jobs/view/4451105561/","2026-09-24","","2026-10-01"
"ttb-bankwide-risk-analytics-monitoring","true","19","ธนาคารทหารไทยธนชาต จำกัด (มหาชน)","ttb bank","assets/employer-ttb.svg","Senior Specialist - Bankwide Risk Analytics and Monitoring","Risk Management","การวิเคราะห์ความเสี่ยงเครดิตระดับธนาคาร","Bankwide Credit Risk Analytics","ประกาศรับสมัคร","Recruitment notice","เขตจตุจักร กรุงเทพมหานคร","Chatuchak, Bangkok","พนักงานประจำ","Full-time","บทบาทวิเคราะห์พอร์ตสินเชื่อทั้ง consumer, commercial และ corporate ครอบคลุม PD, EAD, LGD, IFRS 9 และการติดตาม risk appetite","A bankwide credit-portfolio analytics role covering consumer, commercial, and corporate portfolios, including PD, EAD, LGD, IFRS 9, and risk-appetite monitoring.","วิเคราะห์ข้อมูลพอร์ตสินเชื่อตลอด credit life cycle||ติดตาม credit RAS และ PD thresholds||พัฒนา data platform, data dictionary และ data governance||นำทีมวิเคราะห์ PD, EAD, LGD และ portfolio insight","Analyze credit portfolios across the full credit life cycle.||Monitor credit RAS and PD thresholds.||Develop the internal data platform, dictionary, and governance.||Lead PD, EAD, LGD, and portfolio-insight analysis.","มีประสบการณ์อย่างน้อย 7 ปีด้าน credit portfolio analytics, MIS หรือ portfolio management||เข้าใจ PD, EAD, LGD และ IFRS 9||มีทักษะการเขียนโปรแกรม โดย SAS จะได้รับการพิจารณาเป็นพิเศษ||มีประสบการณ์บริหารทีมและแปลง business requirement เป็น analytical solution","At least seven years of credit-portfolio analytics, MIS, or portfolio-management experience.||Strong PD, EAD, LGD, and IFRS 9 knowledge.||Programming skills; SAS is advantageous.||Team leadership and ability to translate business requirements into analytical solutions.","LinkedIn","https://th.linkedin.com/jobs/view/senior-specialist-bankwide-risk-analytics-and-monitoring-t00009580-at-ttb-bank-4439822037","2026-09-24","","2026-10-01"
"ey-financial-service-risk-management","true","20","บริษัท อีวาย คอร์ปอเรท เซอร์วิสเซส จำกัด","EY Thailand","assets/employer-ey.svg","Risk Consulting - Financial Service Risk Management","Risk Management","ที่ปรึกษาแบบจำลองความเสี่ยงทางการเงิน","Financial Risk Modeling Consulting","ประกาศรับสมัคร","Recruitment notice","กรุงเทพมหานคร","Bangkok","พนักงานประจำ","Full-time","บทบาทที่ปรึกษาด้านการพัฒนา ตรวจสอบ และวิเคราะห์แบบจำลองความเสี่ยงทางการเงินด้วยเทคนิคสถิติและเครื่องมือเชิงปริมาณ","A consulting role developing, validating, and analyzing financial-risk models using statistical and quantitative methods.","พัฒนาแบบจำลองและวิธีวัด financial risk exposure||ทำ quantitative analysis เพื่อประเมินประสิทธิภาพของแบบจำลอง||ตรวจสอบแบบจำลองให้เป็นไปตามข้อกำกับและมาตรฐานภายใน||ใช้เทคนิคสถิติขั้นสูงเพื่อวิเคราะห์ market trend และ risk factor","Develop models and methodologies for financial-risk exposure.||Perform quantitative analysis of model accuracy and effectiveness.||Validate models against internal and regulatory requirements.||Apply advanced statistics to market trends and risk factors.","ปริญญาด้านการบัญชี การเงิน วิศวกรรมศาสตร์ หรือสาขาที่เกี่ยวข้อง โดยยินดีรับผู้สำเร็จการศึกษาใหม่ที่มีประสบการณ์ฝึกงาน||มีความรู้ Financial Modeling||มีทักษะ Python, SAS, SQL, R หรือ C++||ประสบการณ์ธนาคาร ประกัน หรือบริการวิชาชีพจะได้รับการพิจารณาเป็นพิเศษ","Degree in accounting, finance, engineering, or a related field; new graduates with relevant internships are welcome.||Knowledge of financial modelling.||Skills in Python, SAS, SQL, R, or C++.||Banking, insurance, or professional-services experience is advantageous.","EY Careers","https://careers.ey.com/ey/job/Bangkok-Risk-Consulting-Financial-Service-Risk-Management-Bang-10330/1373305133/","2026-09-02","","2026-10-01"
"line-man-senior-lead-data-scientist-credit-risk","true","21","LINE MAN Wongnai","LINE MAN Wongnai","assets/employer-line-man.svg","Senior/Lead Data Scientist (Credit Risk)","Risk Management","วิทยาศาสตร์ข้อมูลและแบบจำลองความเสี่ยงเครดิต","Credit Risk Data Science","ประกาศรับสมัคร","Recruitment notice","กรุงเทพมหานคร","Bangkok","พนักงานประจำ","Full-time","บทบาทพัฒนาแบบจำลอง credit risk สำหรับธุรกิจสินเชื่อและ BNPL ครอบคลุม PD, ECL, backtesting, recalibration และ portfolio profitability","A credit-risk data-science role for lending and BNPL, covering PD, ECL, backtesting, recalibration, and portfolio profitability.","พัฒนาและปรับปรุงแบบจำลอง credit risk||ออกแบบกระบวนการ backtesting, evaluation และ recalibration||วิเคราะห์ trade-off ระหว่างการเติบโต ความเสี่ยง และกำไร||สนับสนุน model governance, documentation และ audit","Develop and enhance credit-risk models.||Design model evaluation, backtesting, and recalibration processes.||Analyze trade-offs among growth, risk appetite, and profitability.||Support model governance, documentation, and audit.","ปริญญาด้านวิทยาการคอมพิวเตอร์ สถิติ การเงินเชิงปริมาณ เศรษฐศาสตร์ หรือสาขาที่เกี่ยวข้อง||มีประสบการณ์อย่างน้อย 5 ปีด้าน data science, credit risk หรือ quantitative modeling||เข้าใจ PD, ECL และ portfolio risk||มีทักษะ Python และ SQL","Degree in computer science, statistics, quantitative finance, economics, or a related field.||At least five years of data-science, credit-risk, or quantitative-modelling experience.||Strong PD, ECL, and portfolio-risk knowledge.||Strong Python and SQL skills.","LinkedIn","https://www.linkedin.com/jobs/view/4442023958/","2026-09-17","","2026-10-01"
"ascend-money-credit-risk-portfolio-analyst","true","22","แอสเซนด์ มันนี่","Ascend Money","assets/employer-ascend-money.svg","Credit Risk Portfolio Analyst (Senior - Manager)","Risk Management","การวิเคราะห์พอร์ตความเสี่ยงเครดิต","Credit Risk Portfolio Analytics","ประกาศรับสมัคร","Recruitment notice","กรุงเทพมหานคร","Bangkok","พนักงานประจำ","Full-time","บทบาทด้านนโยบายสินเชื่อและ portfolio analytics สำหรับ unsecured lending โดยติดตามคุณภาพพอร์ต ความสูญเสีย และความสามารถในการทำกำไร","A credit-policy and portfolio-analytics role for unsecured lending, monitoring portfolio quality, losses, and profitability.","พัฒนา acquisition และ account-maintenance credit policies||ติดตามคุณภาพพอร์ตด้วยรายงานและ dashboard||ทำ deep-dive analysis เพื่อปรับปรุงคุณภาพพอร์ตและกำไร||ทำงานร่วมกับ Finance ด้าน portfolio planning, loss และ reserve","Develop acquisition and account-maintenance credit policies.||Monitor portfolio performance through reports and dashboards.||Perform deep-dive analysis to improve portfolio quality and profitability.||Partner with Finance on portfolio planning, loss, and reserves.","ปริญญาตรีหรือโทด้านเศรษฐศาสตร์ บริหารธุรกิจ สถิติ คณิตศาสตร์ วิศวกรรมศาสตร์ หรือสาขาที่เกี่ยวข้อง||มีประสบการณ์ 2-10 ปีด้าน Credit Risk Management ในธุรกิจธนาคารหรือการเงิน||ใช้ SQL สำหรับ query และจัดการข้อมูลได้||มีทักษะ data visualization และการนำเสนอ","Bachelor's or master's degree in economics, business administration, statistics, mathematics, engineering, or a related field.||Two to ten years of credit-risk management experience in banking or finance.||SQL data-query and manipulation skills.||Strong data-visualization and presentation skills.","LinkedIn","https://www.linkedin.com/jobs/view/4453668741/","2026-09-25","","2026-10-01"
"innovestx-investment-strategist","true","23","บริษัทหลักทรัพย์ อินโนเวสท์ เอกซ์ จำกัด","InnovestX","assets/employer-innovestx.svg","Investment Strategist","Quantitative Analyst","กลยุทธ์การลงทุนเชิงปริมาณและการจัดสรรสินทรัพย์","Quantitative Investment Strategy & Asset Allocation","ประกาศรับสมัคร","Recruitment notice","กรุงเทพมหานคร","Bangkok","พนักงานประจำ","Full-time","บทบาทพัฒนา quantitative framework, tactical asset allocation และ portfolio optimization เพื่อสร้างกลยุทธ์การลงทุนที่ขับเคลื่อนด้วยข้อมูล","A role developing quantitative frameworks, tactical asset allocation, and portfolio optimization for data-driven investment strategy.","พัฒนา quantitative indicators สำหรับประเมิน asset class และ market trend||ออกแบบกลยุทธ์การลงทุนและ tactical asset allocation ที่ขับเคลื่อนด้วยข้อมูล||เพิ่มประสิทธิภาพพอร์ตและ risk-adjusted return||ทำงานร่วมกับ Trading และ Wealth Products เพื่อปรับกลยุทธ์","Develop quantitative indicators for asset-class and market-trend assessment.||Design data-driven investment strategies and tactical asset allocation.||Optimize portfolios and risk-adjusted returns.||Partner with Trading and Wealth Products to refine strategies.","ปริญญาตรีหรือโทด้านการเงิน เศรษฐศาสตร์ การลงทุน การเงินเชิงปริมาณ หรือสาขาที่เกี่ยวข้อง||มีประสบการณ์ด้าน investment strategy, asset allocation หรือ portfolio management||เข้าใจ portfolio optimization, diversification และ risk-return analysis||Python, R หรือ Bloomberg จะได้รับการพิจารณาเป็นพิเศษ","Bachelor's or master's degree in finance, economics, investment, quantitative finance, or a related field.||Experience in investment strategy, asset allocation, or portfolio management.||Knowledge of portfolio optimization, diversification, and risk-return analysis.||Python, R, or Bloomberg is advantageous.","LinkedIn","https://www.linkedin.com/jobs/view/4454248509/","2026-09-28","","2026-10-01"
"aia-technology-risk-ai-governance-principal","true","24","บริษัท เอไอเอ จำกัด","AIA Thailand","assets/employer-aia.svg","Technology Risk & AI Governance, Principal","Risk Management","การวิเคราะห์ความเสี่ยงเทคโนโลยีและธรรมาภิบาล AI","Technology Risk and AI Governance","ประกาศรับสมัคร","Recruitment notice","กรุงเทพมหานคร","Bangkok","พนักงานประจำ","Full-time","บทบาทพัฒนาแบบจำลองและกรอบวัดความเสี่ยงเชิงปริมาณ รวมถึง risk simulation และการตรวจสอบความถูกต้องของแบบจำลอง","A role developing quantitative risk frameworks, simulation scenarios, and model-validation methods for technology risk and AI governance.","พัฒนากรอบการระบุและวัดความเสี่ยงเชิงปริมาณ||ออกแบบวิธีการสร้างแบบจำลองและสถานการณ์จำลองความเสี่ยง||ตรวจสอบแบบจำลอง ตัวชี้วัด และพารามิเตอร์ความเสี่ยง||สนับสนุนผู้ใช้งานตัวชี้วัดความเสี่ยงทั่วองค์กร","Develop quantitative risk-identification and measurement frameworks.||Design risk-modelling methods and simulation scenarios.||Validate risk models, metrics, and parameters.||Support enterprise users of risk metrics.","มีประสบการณ์ด้านแบบจำลองความเสี่ยงและการวิเคราะห์เชิงปริมาณ||เข้าใจธรรมาภิบาลเทคโนโลยีหรือ AI||สามารถสื่อสารผลการวิเคราะห์กับผู้มีส่วนได้ส่วนเสีย||มีทักษะการแก้ปัญหาเชิงวิเคราะห์","Experience in risk modelling and quantitative analysis.||Understanding of technology or AI governance.||Ability to communicate analytical findings to stakeholders.||Strong analytical problem-solving skills.","AIA Careers","https://aia.wd3.myworkdayjobs.com/en-US/external/job/Bangkok-TH-AIA-Thailand/Technology-Risk---AI-Governance--Principal_JR-69364","2026-09-27","","2026-10-01"
"kkp-financial-engineer-structurer","true","25","บริษัทหลักทรัพย์ เกียรตินาคินภัทร จำกัด (มหาชน)","KKP Securities","assets/employer-kkp.svg","Financial Engineer & Structurer - Derivatives Product","Financial Engineer","วิศวกรรมการเงินและการออกแบบผลิตภัณฑ์อนุพันธ์","Financial Engineering and Derivatives Structuring","ประกาศรับสมัคร","Recruitment notice","กรุงเทพมหานคร","Bangkok","พนักงานประจำ","Full-time","บทบาทพัฒนาแบบจำลองการกำหนดราคาและการบริหารความเสี่ยงสำหรับตราสารอนุพันธ์และผลิตภัณฑ์โครงสร้าง","A financial-engineering role developing pricing and risk models for derivatives and structured products.","วิจัยและพัฒนาแบบจำลองกำหนดราคาตราสารอนุพันธ์||พัฒนาแบบจำลองบริหารความเสี่ยงสำหรับ structured products||สนับสนุนการเปิดตัวผลิตภัณฑ์และการดำเนินงานเชิงพาณิชย์||ประสานงานกับทีมที่เกี่ยวข้องตลอดวงจรผลิตภัณฑ์","Research and implement derivatives-pricing models.||Develop risk-management models for structured products.||Support product launches and commercial execution.||Collaborate across the product lifecycle.","ปริญญาโทด้าน Financial Engineering, Mathematical Finance หรือสาขาเชิงปริมาณ||มีประสบการณ์ 3-5 ปีด้าน quantitative finance หรือ derivatives pricing||มีทักษะ Python และ VBA||เข้าใจ derivative pricing และ Delta/Vega hedging","Master's degree in financial engineering, mathematical finance, or a related quantitative field.||Three to five years of quantitative-finance or derivatives-pricing experience.||Advanced Python and VBA skills.||Strong derivatives-pricing and Delta/Vega hedging knowledge.","LinkedIn","https://www.linkedin.com/jobs/view/4444306418/","","","2026-10-01"
"kpmg-market-risk-consultant","true","26","บริษัท เคพีเอ็มจี ภูมิไชย ที่ปรึกษาธุรกิจ จำกัด","KPMG Thailand","assets/employer-kpmg.svg","Market Risk Consultant","Risk Management","ที่ปรึกษาความเสี่ยงตลาดและ Treasury","Market Risk and Treasury Advisory","ประกาศรับสมัคร","Recruitment notice","กรุงเทพมหานคร","Bangkok","พนักงานประจำ","Full-time","บทบาทที่ปรึกษาด้าน market risk, liquidity risk, stress testing, risk modelling และการตรวจสอบแบบจำลองสำหรับสถาบันการเงิน","A financial-risk advisory role covering market and liquidity risk, stress testing, risk modelling, and validation.","ให้คำปรึกษาการพัฒนากรอบและระบบบริหารความเสี่ยง||วิเคราะห์ความเสี่ยงสินทรัพย์ดิจิทัลและการเปลี่ยนแปลงของตลาด||สนับสนุนการคำนวณและทดสอบ hedge accounting ภายใต้ TFRS 9||จัดทำรายงานและนำเสนอผลการวิเคราะห์แก่ลูกค้า","Advise on financial-risk frameworks and systems.||Analyze digital-asset risk and market changes.||Support hedge-accounting calculations and testing under TFRS 9.||Prepare reports and present analytical results to clients.","ปริญญาด้านการเงิน วิศวกรรมศาสตร์ หรือบัญชี||มีประสบการณ์ Treasury หรือ market risk จะได้รับการพิจารณาเป็นพิเศษ||มีทักษะ Python, SQL, VBA, C++, R หรือ MATLAB||FRM หรือ CFA จะได้รับการพิจารณาเป็นพิเศษ","Degree in finance, engineering, or accounting.||Treasury or market-risk experience is advantageous.||Programming experience in Python, SQL, VBA, C++, R, or MATLAB.||FRM or CFA certification is advantageous.","KPMG Careers","https://kpmg.com/th/en/careers/consulting/market-risk-consultant.html","","","2026-10-01"
"ttb-market-risk-specialist","true","27","ธนาคารทหารไทยธนชาต จำกัด (มหาชน)","ttb bank","assets/employer-ttb.svg","Market Risk Specialist - Trading and Investment Risks","Risk Management","ความเสี่ยงตลาดสำหรับธุรกรรมซื้อขายและการลงทุน","Trading and Investment Market Risk","ประกาศรับสมัคร","Recruitment notice","สำนักงานใหญ่ กรุงเทพมหานคร","Head Office, Bangkok","พนักงานประจำ","Full-time","บทบาทประเมินความเสี่ยงตลาดของธุรกรรมซื้อขายและการลงทุน พร้อมพัฒนาวิธีวัด stress testing และกรอบควบคุมความเสี่ยง","A market-risk role assessing trading and investment exposures and developing measurement, stress-testing, and control frameworks.","ประเมิน market risk และผลกระทบต่อเงินกองทุนจากธุรกรรมซื้อขาย||พัฒนาวิธีวัดและกรอบควบคุมความเสี่ยงตลาด||ออกแบบ stress testing และ scenario analysis||ติดตามกฎเกณฑ์ BOT และ BIS","Assess trading and investment market-risk exposures.||Develop market-risk measurement and control frameworks.||Design stress tests and scenarios.||Monitor BOT and BIS regulations.","ปริญญาด้านการเงิน บริหารความเสี่ยง คณิตศาสตร์ สถิติ เศรษฐศาสตร์ หรือวิศวกรรมการเงิน||มีประสบการณ์ market risk อย่างน้อย 3 ปี||มีทักษะสถิติ คณิตศาสตร์ และ Excel/VBA||CFA, CISA, FRM หรือ PRM จะได้รับการพิจารณาเป็นพิเศษ","Degree in finance, risk management, mathematics, statistics, economics, or financial engineering.||At least three years of market-risk experience.||Strong statistical, mathematical, and Excel/VBA skills.||CFA, CISA, FRM, or PRM is advantageous.","ttb Careers","https://www.ttbbank.com/en/career/job-lists/MarketRiskManagement","2026-03-05","","2026-10-01"
"pwc-risk-modeling-senior-associate","true","28","บริษัท ไพร้ซวอเตอร์เฮาส์คูเปอร์ส เอบีเอเอส จำกัด","PwC Thailand","assets/employer-pwc.svg","Risk & Modeling Services - Senior Associate","Risk Management","บริการแบบจำลองความเสี่ยงทางการเงิน","Financial Risk and Modeling Services","ประกาศรับสมัคร","Recruitment notice","กรุงเทพมหานคร","Bangkok","พนักงานประจำ","Full-time","บทบาทออกแบบ พัฒนา และตรวจสอบแบบจำลองความเสี่ยงเครดิต ตลาด สภาพคล่อง และตราสารทางการเงิน","A role designing, developing, validating, and testing credit, market, liquidity, and financial-instrument risk models.","ออกแบบและตรวจสอบ financial risk models||พัฒนาแบบจำลอง IFRS 9 และ Basel PD/LGD/EAD||วิเคราะห์ผลเชิงปริมาณและผลกระทบทางธุรกิจ||สนับสนุนการประเมินมูลค่าตราสารทางการเงินที่ซับซ้อน","Design and validate financial-risk models.||Develop IFRS 9 and Basel PD/LGD/EAD methodologies.||Interpret quantitative results and business impact.||Support complex financial-instrument valuation.","ปริญญาด้านคณิตศาสตร์ วิศวกรรมการเงิน คณิตศาสตร์ประกันภัย หรือสถิติ||มีประสบการณ์ที่เกี่ยวข้อง 3-6 ปี||มีทักษะ SAS, SQL, R, Python หรือ VBA||เข้าใจ Basel และ IFRS 9","Degree in mathematics, financial engineering, actuarial science, statistics, or a related quantitative discipline.||Three to six years of relevant experience.||Skills in SAS, SQL, R, Python, or VBA.||Knowledge of Basel and IFRS 9.","PwC Careers","https://pwc.wd3.myworkdayjobs.com/en-US/Global_Experienced_Careers/job/Risk---Modeling-Services---Senior-Associate_677148WD","","","2026-10-01"
"scbam-investment-risk-associate-director","true","29","บริษัทหลักทรัพย์จัดการกองทุน ไทยพาณิชย์ จำกัด","SCB Asset Management","assets/employer-scbam.svg","SCBAM - Investment Risk Management (Associate Director)","Risk Management","การบริหารความเสี่ยงการลงทุน","Investment Risk Management","ประกาศรับสมัคร","Recruitment notice","กรุงเทพมหานคร","Bangkok","พนักงานประจำ","Full-time","บทบาทวัดผลตอบแทนและความเสี่ยงของกองทุนด้วย VaR, tracking error, stress testing และ risk-adjusted return","An investment-risk role measuring fund performance and exposure through VaR, tracking error, stress testing, and risk-adjusted return.","จัดทำรายงาน performance attribution และ risk reporting||วิเคราะห์ VaR, tracking error และ risk-adjusted return||พัฒนาและติดตาม risk indicators||วิจัยและพัฒนาเครื่องมือเชิงปริมาณสำหรับการลงทุน","Prepare performance-attribution and risk reports.||Analyze VaR, tracking error, and risk-adjusted return.||Develop and monitor risk indicators.||Research and implement quantitative investment tools.","ปริญญาโทด้านการเงิน เศรษฐศาสตร์ Financial Mathematics, Financial Engineering หรือ Risk Management||มีประสบการณ์ investment management หรือ risk management||มีทักษะ VBA, Power BI, Python, SQL หรือ R||เข้าใจตราสารหนี้และตราสารอนุพันธ์","Master's degree in finance, economics, financial mathematics, financial engineering, computer science, or risk management.||Investment- or risk-management experience.||Skills in VBA, Power BI, Python, SQL, or R.||Fixed-income and derivatives knowledge is advantageous.","SCB Careers","https://peopleplus.wd3.myworkdayjobs.com/en-US/SCB_Careers/job/SCBAM-Investment-Risk-Management--Associate-Director-_JR-0063757","","","2026-10-01"
"bol-financial-risk-manager","true","30","บริษัท บิซิเนส ออนไลน์ จำกัด (มหาชน)","Business Online","assets/employer-bol.svg","Financial Risk Manager","Risk Management","โซลูชันความเสี่ยงตลาดและสภาพคล่อง","Market and Liquidity Risk Solutions","ประกาศรับสมัคร","Recruitment notice","กรุงเทพมหานคร","Bangkok","พนักงานประจำ","Full-time","บทบาทพัฒนาและติดตั้งโซลูชัน market risk, liquidity risk, ALM, FTP และ simulation สำหรับธนาคาร","A role developing and implementing market-risk, liquidity-risk, ALM, FTP, and simulation solutions for banks.","ให้คำปรึกษาโซลูชันบริหารความเสี่ยงแก่ธนาคาร||พัฒนา market risk และ liquidity risk systems||สร้างกระบวนการ ALM, FTP และ simulation||วิจัยกรอบการบริหารความเสี่ยงตลาด","Consult banks on financial-risk solutions.||Develop market- and liquidity-risk systems.||Implement ALM, FTP, and simulation routines.||Research market-risk frameworks.","มีประสบการณ์ด้าน market risk หรือ liquidity risk||เข้าใจ ALM, FTP และ risk simulation||สามารถทำงานร่วมกับทีมเทคนิคและลูกค้าสถาบันการเงิน||มีทักษะการวิเคราะห์เชิงปริมาณ","Experience in market or liquidity risk.||Knowledge of ALM, FTP, and risk simulation.||Ability to work with technical teams and banking clients.||Strong quantitative analytical skills.","Business Online Careers","https://bol.co.th/career/financial-risk-manager/","","","2026-10-01"
"vserve-programmer-quant-developer","true","31","บริษัท วีเซิร์ฟ เอ็นเตอร์ไพรส์ จำกัด (มหาชน)","VServe Enterprise","assets/employer-vserve.svg","Programmer / Quant Developer","Quant Developer","การพัฒนาระบบซื้อขายเชิงปริมาณ","Quantitative Trading Systems Development","ประกาศรับสมัคร","Recruitment notice","เขตสวนหลวง กรุงเทพมหานคร","Suan Luang, Bangkok","พนักงานประจำ รูปแบบผสมผสาน","Full-time, hybrid","บทบาทพัฒนา trading bot เชื่อมต่อ API ของ exchange และ broker พร้อมทำ backtest, forward test และปรับกลยุทธ์","A quant-development role building trading bots, exchange and broker integrations, backtests, forward tests, and production deployments.","พัฒนา trading bot แบบอัตโนมัติและกึ่งอัตโนมัติ||เชื่อมต่อ API กับ exchange และ broker||ทำ backtest, forward test และ optimize strategy||นำระบบขึ้นใช้งานบน VPS หรือ Cloud","Develop automated and semi-automated trading bots.||Integrate exchange and broker APIs.||Backtest, forward-test, and optimize strategies.||Deploy production systems to VPS or cloud infrastructure.","มีทักษะพัฒนาโปรแกรมและเชื่อมต่อ API||เข้าใจการทดสอบกลยุทธ์การซื้อขาย||สามารถใช้ AI-assisted development tools||สนใจระบบซื้อขายและ quantitative finance","Programming and API-integration skills.||Understanding of trading-strategy testing.||Ability to use AI-assisted development tools.||Interest in trading systems and quantitative finance.","JobThai","https://www.jobthai.com/th/company/job/1896903","2026-06-05","","2026-10-01"
"siegfund-prop-trader","true","32","SiegFund","SiegFund","assets/employer-siegfund.svg","Prop Trader","Quant Trader","การซื้อขายหลักทรัพย์ด้วยกลยุทธ์และข้อมูลตลาด","Proprietary Trading and Market Analysis","ประกาศรับสมัคร","Recruitment notice","กรุงเทพมหานคร","Bangkok","พนักงานประจำ ประจำสำนักงาน","Full-time, onsite","บทบาท proprietary trader สำหรับพัฒนาและดำเนินกลยุทธ์ซื้อขาย วิเคราะห์ข้อมูลตลาด และบริหารผลตอบแทนเทียบความเสี่ยง","A proprietary-trading role executing strategies, analyzing market data, and managing risk-adjusted returns.","ดำเนินกลยุทธ์ซื้อขายในตลาดการเงิน||วิเคราะห์ข้อมูลตลาดและพัฒนาแนวคิดการซื้อขาย||ติดตามสถานะและบริหาร risk-adjusted return||ร่วมปรับปรุงกลยุทธ์กับทีม trader และ analyst","Execute strategies across financial markets.||Analyze market data and develop trading ideas.||Monitor positions and manage risk-adjusted returns.||Refine strategies with traders and analysts.","ปริญญาด้านการเงิน เศรษฐศาสตร์ คณิตศาสตร์ วิทยาการคอมพิวเตอร์ หรือสาขาที่เกี่ยวข้อง||มีประสบการณ์ proprietary trading หรือบทบาทที่เกี่ยวข้อง||เข้าใจ market microstructure และ order flow||ประสบการณ์ algorithmic trading จะได้รับการพิจารณาเป็นพิเศษ","Degree in finance, economics, mathematics, computer science, or a related field.||Proprietary-trading or related experience.||Knowledge of market microstructure and order flow.||Algorithmic-trading experience is preferred.","SiegPath Careers","https://siegpath.com/about/career/proprietary-trading-jobs-bangkok","","","2026-10-01"
"trueblue-senior-financial-engineer","true","33","True Blue Recruitment","True Blue Recruitment","assets/employer-trueblue.svg","Senior Financial Engineer","Financial Engineer","แบบจำลองความเสี่ยงเครดิตและโครงสร้างพื้นฐานข้อมูลทางการเงิน","Credit-Risk Modeling and Financial Data Infrastructure","ประกาศรับสมัคร","Recruitment notice","กรุงเทพมหานคร","Bangkok","พนักงานประจำ รูปแบบผสมผสาน","Full-time, hybrid","บทบาทสร้างแบบจำลองเครดิต การตรวจจับทุจริต และระบบวิเคราะห์ข้อมูลทางการเงินที่นำขึ้นใช้งานจริง","A senior financial-engineering role building deployable credit-risk, fraud-detection, and financial-data models and services.","พัฒนาแบบจำลอง creditworthiness, affordability และ fraud detection||สร้าง feature pipelines, API และ analytical infrastructure||นำแบบจำลองขึ้น production และติดตามประสิทธิภาพ||ออกแบบกรอบ validation และ monitoring","Develop creditworthiness, affordability, and fraud-detection models.||Build feature pipelines, APIs, and analytical infrastructure.||Deploy models and monitor production performance.||Establish validation and monitoring frameworks.","มีประสบการณ์อย่างน้อย 5 ปีด้าน credit modelling, quantitative risk, financial engineering หรือ data science||เข้าใจ scorecard, underwriting และ model validation||มีทักษะ Python, SQL และ production software||ประสบการณ์ fraud detection หรือข้อมูลธุรกรรมธนาคารจะได้รับการพิจารณาเป็นพิเศษ","At least five years of credit-modelling, quantitative-risk, financial-engineering, or data-science experience.||Knowledge of scorecards, underwriting logic, and model validation.||Strong Python, SQL, and production-software skills.||Fraud-detection or bank-transaction-data experience is advantageous.","True Blue Recruitment","https://trueblue.co.th/jobs/senior-financial-engineer-1f5e35","2026-08-11","","2026-10-01"
"point72-cubist-quantitative-researcher-singapore","true","34","Point72 Asset Management / Cubist Systematic Strategies","Point72","assets/employer-point72.svg","Cubist Quantitative Researcher","Quant Researcher","การวิจัยอัลฟาเชิงระบบ","Systematic Alpha Research","ประกาศรับสมัคร","Recruitment notice","สิงคโปร์","Singapore","พนักงานประจำ","Full-time","บทบาทวิจัยสัญญาณอัลฟา วิเคราะห์ข้อมูล และทดสอบกลยุทธ์สำหรับแพลตฟอร์มการลงทุนเชิงระบบของ Cubist","A systematic-investing role researching alpha signals, analyzing data, and backtesting strategies for Cubist.","ค้นคว้าและพัฒนาสัญญาณอัลฟาจากข้อมูลตลาดและข้อมูลทางเลือก||สร้างกระบวนการวิจัยและทดสอบย้อนหลังที่ทำซ้ำได้||วิเคราะห์พอร์ตและแหล่งที่มาของผลตอบแทน||ทำงานร่วมกับทีมวิจัยและวิศวกรรมข้อมูล","Research and develop alpha signals from market and alternative data.||Build reproducible research and backtesting pipelines.||Analyze portfolios and sources of return.||Collaborate with research and data-engineering teams.","พื้นฐานแข็งแรงด้านคณิตศาสตร์ สถิติ วิทยาการคอมพิวเตอร์ หรือสาขาเชิงปริมาณ||มีทักษะ Python และ SQL||สามารถวิเคราะห์ชุดข้อมูลขนาดใหญ่และสื่อสารผลการวิจัยได้||เหมาะสำหรับผู้เริ่มต้นอาชีพที่มีผลงานวิจัยเชิงปริมาณ","Strong background in mathematics, statistics, computer science, or another quantitative discipline.||Python and SQL proficiency.||Ability to analyze large datasets and communicate research findings.||Suitable for early-career candidates with quantitative research experience.","Point72 Careers","https://job-boards.greenhouse.io/point72/jobs/7045980002","","","2026-10-01"
"graviton-quantitative-researcher-singapore","true","35","Graviton Research Capital","Graviton Research Capital","assets/employer-graviton.svg","Quantitative Researcher - Singapore","Quant Researcher","การวิจัยกลยุทธ์การซื้อขายเชิงปริมาณ","Quantitative Trading Research","ประกาศรับสมัคร","Recruitment notice","สิงคโปร์","Singapore","พนักงานประจำ","Full-time","บทบาทพัฒนาแบบจำลองเชิงคณิตศาสตร์และกลยุทธ์การซื้อขายจากข้อมูลการเงินขนาดใหญ่","A research role developing mathematical models and trading strategies from large financial datasets.","พัฒนาแบบจำลองทางคณิตศาสตร์สำหรับกลยุทธ์การซื้อขาย||วิเคราะห์ข้อมูลตลาดปริมาณมากและทดสอบสมมติฐาน||ปรับปรุงประสิทธิภาพแบบจำลองและโครงสร้างการวิจัย||ทำงานร่วมกับนักวิจัยและนักพัฒนาระบบซื้อขาย","Develop mathematical models for trading strategies.||Analyze large market datasets and test hypotheses.||Improve model performance and research infrastructure.||Collaborate with researchers and trading-system developers.","ปริญญาด้านคณิตศาสตร์ สถิติ ฟิสิกส์ วิทยาการคอมพิวเตอร์ หรือสาขาใกล้เคียง||มีทักษะ C หรือ C++ และทำงานบน Linux/Unix ได้||มีความสามารถด้านการแก้ปัญหาและการวิเคราะห์เชิงสถิติ||ประสบการณ์ตลาดการเงินเป็นประโยชน์แต่ไม่จำเป็น","Degree in mathematics, statistics, physics, computer science, or a related discipline.||C or C++ proficiency and familiarity with Linux/Unix.||Strong problem-solving and statistical-analysis skills.||Financial-market experience is advantageous but not required.","Graviton Careers","https://job-boards.greenhouse.io/gravitonresearchcapital/jobs/4114667002","","","2026-10-01"
"graviton-quantitative-trader-singapore","true","36","Graviton Research Capital","Graviton Research Capital","assets/employer-graviton.svg","Quantitative Trader - Singapore","Quant Trader","การซื้อขายเชิงระบบความถี่สูง","Systematic High-Frequency Trading","ประกาศรับสมัคร","Recruitment notice","สิงคโปร์","Singapore","พนักงานประจำ","Full-time","บทบาทพัฒนาและดำเนินกลยุทธ์ซื้อขายอัตโนมัติสำหรับตลาดความถี่สูงและการทำตลาด","A senior role developing and operating automated strategies for high-frequency trading and market making.","ออกแบบและดำเนินกลยุทธ์ HFT และ UHFT||วิจัยสัญญาณตลาดและปรับปรุงแบบจำลองการทำตลาด||ติดตามความเสี่ยงและประสิทธิภาพกลยุทธ์แบบเรียลไทม์||ร่วมพัฒนาระบบซื้อขายที่มีเวลาแฝงต่ำ","Design and operate HFT and UHFT strategies.||Research market signals and improve market-making models.||Monitor strategy risk and performance in real time.||Contribute to low-latency trading systems.","มีประสบการณ์ด้าน quantitative trading หรือ market making||เข้าใจ market microstructure และการบริหารความเสี่ยง||มีทักษะ C++, Python, R หรือ MATLAB||มีผลงานที่พิสูจน์ได้ในการพัฒนากลยุทธ์เชิงระบบ","Experience in quantitative trading or market making.||Strong understanding of market microstructure and risk management.||Proficiency in C++, Python, R, or MATLAB.||Demonstrated record developing systematic strategies.","Graviton Careers","https://job-boards.greenhouse.io/gravitonresearchcapital/jobs/4121745002","","","2026-10-01"
"drw-quantitative-researcher-equities-singapore","true","37","DRW","DRW","assets/employer-drw.svg","Quantitative Researcher, Equities","Quant Researcher","การวิจัยสถิติอาร์บิทราจระหว่างวัน","Intraday Statistical Arbitrage Research","ประกาศรับสมัคร","Recruitment notice","สิงคโปร์","Singapore","พนักงานประจำ","Full-time","บทบาทวิจัยกลยุทธ์ statistical arbitrage ระหว่างวันด้วยข้อมูลความถี่สูงสำหรับตลาดหุ้น","An equities-research role developing intraday statistical-arbitrage strategies with high-frequency data.","วิจัยและทดสอบสัญญาณการซื้อขายหุ้นระหว่างวัน||วิเคราะห์ข้อมูลความถี่สูง ต้นทุนธุรกรรม และความเสี่ยง||พัฒนาแบบจำลองอัลฟาและกระบวนการสร้างพอร์ต||นำแนวคิดวิจัยไปใช้งานร่วมกับ trader และ developer","Research and test intraday equity-trading signals.||Analyze high-frequency data, transaction costs, and risk.||Develop alpha models and portfolio-construction processes.||Deploy research with traders and developers.","วุฒิการศึกษาขั้นสูงในสาขาเชิงปริมาณ||มีประสบการณ์ด้าน statistical arbitrage หรือ systematic equities||มีทักษะ Python และ C++||เข้าใจ machine learning และข้อมูลตลาดความถี่สูง","Advanced degree in a quantitative discipline.||Experience in statistical arbitrage or systematic equities.||Python and C++ proficiency.||Knowledge of machine learning and high-frequency market data.","DRW Careers","https://job-boards.greenhouse.io/drweng/jobs/7439743","","","2026-10-01"
"worldquant-quantitative-researcher-vietnam","true","38","WorldQuant","WorldQuant","assets/employer-worldquant.svg","Quantitative Researcher","Quant Researcher","การวิจัยสัญญาณพยากรณ์ผลตอบแทน","Predictive Alpha Research","ประกาศรับสมัคร","Recruitment notice","ฮานอย หรือ โฮจิมินห์ซิตี ประเทศเวียดนาม","Hanoi or Ho Chi Minh City, Vietnam","พนักงานประจำ","Full-time","บทบาทสร้างและทดสอบแบบจำลองเชิงปริมาณเพื่อพัฒนาสัญญาณคาดการณ์ผลตอบแทนในตลาดการเงินทั่วโลก","A role building and testing quantitative models that generate predictive signals across global financial markets.","วิจัยและพัฒนา predictive alphas||วิเคราะห์ข้อมูลทางการเงินและชุดข้อมูลทางเลือก||สร้างเครื่องมือสำหรับการวิจัยและการทดสอบแบบจำลอง||ทำงานร่วมกับนักวิจัยและวิศวกรระดับสากล","Research and develop predictive alphas.||Analyze financial and alternative datasets.||Build tools for model research and testing.||Collaborate with global researchers and engineers.","ปริญญาโทหรือเอกในสาขาวิทยาศาสตร์ คณิตศาสตร์ สถิติ วิศวกรรม หรือวิทยาการคอมพิวเตอร์||มีทักษะ C หรือ C++ บน Unix/Linux||มีความสามารถด้านการวิจัยและแก้ปัญหาเชิงปริมาณ||ไม่จำเป็นต้องมีประสบการณ์ด้านการเงินโดยตรง","Master's or doctoral degree in science, mathematics, statistics, engineering, or computer science.||C or C++ proficiency on Unix/Linux.||Strong quantitative research and problem-solving ability.||Prior finance experience is not required.","WorldQuant Careers","https://job-boards.greenhouse.io/worldquant/jobs/4069478006","","","2026-10-01"
"pi-associates-quantitative-researcher-vietnam","true","39","Pi Associates","Pi Associates","assets/employer-pi-associates.svg","Quantitative Researcher","Quant Researcher","การวิจัยกลยุทธ์เชิงระบบและปัญญาประดิษฐ์","Systematic and AI-Assisted Research","ประกาศรับสมัคร","Recruitment notice","โฮจิมินห์ซิตี ประเทศเวียดนาม","Ho Chi Minh City, Vietnam","พนักงานประจำ","Full-time","บทบาทพัฒนาแบบจำลองการซื้อขาย สัญญาณพยากรณ์ และกระบวนการวิจัยที่ใช้ AI สำหรับตลาดการเงิน","A role developing trading models, predictive signals, and AI-assisted research workflows for financial markets.","ออกแบบและทดสอบแบบจำลองเชิงปริมาณและ trading logic||วิเคราะห์ time series และข้อมูลตลาด||พัฒนา predictive signals และเครื่องมือวิจัยด้วย Python||ประยุกต์ใช้ LLM และ AI agent ในกระบวนการวิจัย","Design and test quantitative models and trading logic.||Analyze time series and market data.||Develop predictive signals and Python research tools.||Apply LLMs and AI agents to research workflows.","วุฒิการศึกษาด้านคณิตศาสตร์ สถิติ วิทยาการคอมพิวเตอร์ วิศวกรรม หรือสาขาที่เกี่ยวข้อง||มีทักษะ Python และการวิเคราะห์ข้อมูล||เข้าใจสถิติ time series และ machine learning||มีความสนใจด้าน systematic trading","Degree in mathematics, statistics, computer science, engineering, or a related field.||Strong Python and data-analysis skills.||Knowledge of statistics, time series, and machine learning.||Interest in systematic trading.","Pi Associates Careers","https://www.picap.vn/careers","","","2026-10-01"
"hdbs-covered-warrant-derivatives-trader-vietnam","true","40","HD Securities Joint Stock Company","HDBS","assets/employer-hdbs.svg","Covered Warrant & Derivatives Trader","Quant Trader","การทำตลาดและป้องกันความเสี่ยงตราสารอนุพันธ์","Derivatives Market Making and Hedging","ประกาศรับสมัคร","Recruitment notice","เขต 1 โฮจิมินห์ซิตี ประเทศเวียดนาม","District 1, Ho Chi Minh City, Vietnam","พนักงานประจำ","Full-time","บทบาทซื้อขาย ทำตลาด และบริหารความเสี่ยงสำหรับ covered warrant และผลิตภัณฑ์อนุพันธ์","A trading role covering market making, hedging, and risk management for covered warrants and derivatives.","ดำเนินการทำตลาดและป้องกันความเสี่ยงของ covered warrant||ใช้และปรับปรุงแบบจำลองกำหนดราคาออปชัน||ติดตามสถานะ ความเสี่ยง และสภาพคล่องแบบเรียลไทม์||พัฒนาสคริปต์สนับสนุนการซื้อขายและการควบคุมความเสี่ยง","Conduct market making and hedging for covered warrants.||Use and improve option-pricing models.||Monitor positions, risk, and liquidity in real time.||Develop scripts supporting trading and risk controls.","วุฒิด้านการเงิน คณิตศาสตร์ วิศวกรรม หรือสาขาเชิงปริมาณ||เข้าใจอนุพันธ์และแบบจำลองราคาออปชัน||มีทักษะการเขียนโปรแกรมและวิเคราะห์ข้อมูล||สามารถทำงานภายใต้สภาวะตลาดที่เปลี่ยนแปลงรวดเร็ว","Degree in finance, mathematics, engineering, or another quantitative field.||Knowledge of derivatives and option-pricing models.||Programming and data-analysis skills.||Ability to work in fast-moving markets.","HDBS Careers","https://tuyendung.hdbs.vn/viec-lam/chuyen-vien-giao-dich-chung-quyen-va-phai-sinh.35ac0a46.html","","2026-10-31","2026-10-01"
"xcapital-quant-ai-engineer-vietnam","true","41","XCapital Technology","XCapital Technology","assets/employer-xcapital.svg","XNO Quant AI Engineer","Quant Developer","วิศวกรรมปัญญาประดิษฐ์สำหรับการซื้อขายเชิงปริมาณ","AI Engineering for Quantitative Trading","ประกาศรับสมัคร","Recruitment notice","โฮจิมินห์ซิตี ประเทศเวียดนาม","Ho Chi Minh City, Vietnam","พนักงานประจำ","Full-time","บทบาทสร้างระบบ AI และ machine learning สำหรับการวิจัยและการซื้อขายเชิงปริมาณ","An engineering role building AI and machine-learning systems for quantitative research and trading.","พัฒนาแบบจำลอง machine learning และ reinforcement learning สำหรับการซื้อขาย||สร้างกระบวนการข้อมูลและระบบทดลองแบบจำลอง||ประยุกต์ใช้ LLM กับการวิเคราะห์ตลาด||นำแบบจำลองขึ้นใช้งานในระบบที่ขยายขนาดได้","Develop machine-learning and reinforcement-learning models for trading.||Build data pipelines and model-experimentation systems.||Apply LLMs to market analysis.||Deploy models to scalable production systems.","มีพื้นฐานด้าน machine learning สถิติ หรือวิทยาการคอมพิวเตอร์||มีทักษะ Python และ deep-learning frameworks||เข้าใจระบบกระจายและการประมวลผลข้อมูลขนาดใหญ่||ประสบการณ์ quantitative finance เป็นประโยชน์","Background in machine learning, statistics, or computer science.||Python and deep-learning framework proficiency.||Knowledge of distributed systems and large-scale data processing.||Quantitative-finance experience is advantageous.","LinkedIn","https://vn.linkedin.com/jobs/view/xno-quant-ai-engineer-ft-hcm-at-xcapital-technology-4427462613","","","2026-10-01"
"citi-quant-trader-hong-kong","true","42","Citigroup","Citi","assets/employer-citi.svg","Quant Trader","Quant Trader","การซื้อขายเชิงปริมาณและการบริหารความเสี่ยง","Quantitative Trading and Risk Management","ประกาศรับสมัคร","Recruitment notice","ฮ่องกง","Hong Kong","พนักงานประจำ","Full-time","บทบาทดูแล trading book พัฒนาแนวคิดเชิงปริมาณ และบริหารความเสี่ยงกับผลกำไรขาดทุนของธุรกิจ","A trading role managing a trading book, quantitative ideas, risk, and profit-and-loss performance.","บริหารสถานะการซื้อขายและความเสี่ยงของ trading book||พัฒนาและประเมินกลยุทธ์เชิงปริมาณ||ติดตามรายได้ ผลกำไรขาดทุน และข้อจำกัดความเสี่ยง||ประสานงานกับทีมเทคโนโลยี ความเสี่ยง และกำกับดูแล","Manage trading positions and trading-book risk.||Develop and assess quantitative strategies.||Monitor revenue, profit and loss, and risk limits.||Coordinate with technology, risk, and control teams.","มีประสบการณ์ด้าน trading หรือ quantitative analytics||เข้าใจผลิตภัณฑ์ตลาดทุนและการบริหารความเสี่ยง||มีทักษะวิเคราะห์ข้อมูลและเขียนโปรแกรม||สามารถทำงานภายใต้กรอบกำกับดูแลของสถาบันการเงิน","Experience in trading or quantitative analytics.||Knowledge of capital-markets products and risk management.||Data-analysis and programming skills.||Ability to operate within financial-institution controls.","Citi Careers","https://jobs.citi.com/job/hong-kong/quant-trader/287/95621996416","2026-08-25","","2026-10-01"
"flow-traders-experienced-quantitative-researcher-hong-kong","true","43","Flow Traders","Flow Traders","assets/employer-flow-traders.svg","Experienced Quantitative Researcher","Quant Researcher","การวิจัยกลยุทธ์ความถี่ปานกลางและสูง","Mid- and High-Frequency Strategy Research","ประกาศรับสมัคร","Recruitment notice","ฮ่องกง","Hong Kong","พนักงานประจำ","Full-time","บทบาทออกแบบแบบจำลองและกลยุทธ์ซื้อขายความถี่ปานกลางถึงสูง พร้อมนำผลวิจัยไปใช้จริง","A role designing mid- and high-frequency trading models and deploying research into production.","สร้างสมมติฐานและแบบจำลองเชิงปริมาณ||ออกแบบการทดสอบย้อนหลังและประเมินความแข็งแรงของกลยุทธ์||วิเคราะห์ข้อมูลตลาดและโครงสร้างการซื้อขาย||ร่วมกับ trader และ engineer เพื่อนำแบบจำลองขึ้นใช้งาน","Formulate hypotheses and quantitative models.||Design backtests and evaluate strategy robustness.||Analyze market data and trading structure.||Deploy models with traders and engineers.","มีประสบการณ์ด้าน quantitative research หรือ systematic trading||มีทักษะ Python และภาษาเชิงวิทยาศาสตร์หรือ C++||มีพื้นฐานสถิติและการสร้างแบบจำลองที่แข็งแรง||สามารถแปลงงานวิจัยเป็นกลยุทธ์ที่ใช้งานจริง","Experience in quantitative research or systematic trading.||Proficiency in Python and scientific languages or C++.||Strong statistical and modeling foundation.||Ability to translate research into production strategies.","Flow Traders Careers","https://job-boards.greenhouse.io/flowtraders/jobs/4003450","","","2026-10-01"
"imc-quantitative-researcher-equities-futures-hong-kong","true","44","IMC Trading","IMC","assets/employer-imc.svg","Quantitative Researcher - Equities/Futures","Quant Researcher","การวิจัยหุ้นและฟิวเจอร์สความถี่สูง","High-Frequency Equities and Futures Research","ประกาศรับสมัคร","Recruitment notice","ฮ่องกง","Hong Kong","พนักงานประจำ","Full-time","บทบาทวิจัยกลยุทธ์ delta-one ความถี่สูงในตลาดหุ้นและฟิวเจอร์สโดยใช้สถิติและ machine learning","A role researching high-frequency delta-one equities and futures strategies using statistics and machine learning.","พัฒนาสัญญาณและแบบจำลองสำหรับหุ้นและฟิวเจอร์ส||วิเคราะห์ market microstructure และข้อมูลความถี่สูง||ประยุกต์ machine learning ในการพยากรณ์และสร้างพอร์ต||ร่วมปรับกลยุทธ์กับ trader และ developer","Develop signals and models for equities and futures.||Analyze market microstructure and high-frequency data.||Apply machine learning to forecasting and portfolio construction.||Refine strategies with traders and developers.","วุฒิขั้นสูงในสาขาเชิงปริมาณ||มีประสบการณ์วิจัย systematic trading หรือ HFT||มีทักษะ Python และการวิเคราะห์ข้อมูล||เข้าใจ market microstructure และ machine learning","Advanced degree in a quantitative field.||Research experience in systematic trading or HFT.||Strong Python and data-analysis skills.||Knowledge of market microstructure and machine learning.","IMC Careers","https://job-boards.greenhouse.io/imc/jobs/4754254101","","","2026-10-01"
"okx-quantitative-trader-d1-liquidity-hong-kong","true","45","OKX","OKX","assets/employer-okx.svg","Quantitative Trader, D1 Liquidity","Quant Trader","การทำตลาดและสภาพคล่องสินทรัพย์ดิจิทัล","Digital-Asset Market Making and Liquidity","ประกาศรับสมัคร","Recruitment notice","ฮ่องกง","Hong Kong","พนักงานประจำ","Full-time","บทบาทพัฒนากลยุทธ์ทำตลาด อาร์บิทราจ และสภาพคล่องสำหรับ spot, swap และ futures ของสินทรัพย์ดิจิทัล","A role developing market-making, arbitrage, and liquidity strategies across digital-asset spot, swaps, and futures.","พัฒนาและทดสอบกลยุทธ์ทำตลาดและอาร์บิทราจ||วิเคราะห์สภาพคล่องและโครงสร้างจุลภาคของตลาด CEX และ DEX||ติดตามความเสี่ยงและผลการดำเนินงานแบบเรียลไทม์||ร่วมพัฒนาระบบซื้อขายเชิงระบบที่มีประสิทธิภาพสูง","Develop and backtest market-making and arbitrage strategies.||Analyze CEX and DEX liquidity and market microstructure.||Monitor risk and performance in real time.||Build high-performance systematic trading systems.","มีประสบการณ์ quantitative trading ในสินทรัพย์ดิจิทัลหรือผลิตภัณฑ์ที่มีสภาพคล่องสูง||เข้าใจ market making, arbitrage และการทดสอบย้อนหลัง||มีทักษะ Python และภาษาอย่าง Java, Rust หรือ C++||สามารถทำงานกับข้อมูลตลาดแบบเรียลไทม์","Quantitative-trading experience in digital assets or liquid products.||Knowledge of market making, arbitrage, and backtesting.||Python proficiency plus Java, Rust, or C++.||Ability to work with real-time market data.","OKX Careers","https://job-boards.greenhouse.io/okx/jobs/7990868003","","","2026-10-01"
"peripamo-quantitative-researcher-malaysia","true","46","Peripamo","Peripamo","assets/employer-peripamo.svg","Quantitative Researcher","Quant Researcher","การวิจัยแบบจำลองความเสี่ยงทางการเงิน","Financial-Risk Model Research","ประกาศรับสมัคร","Recruitment notice","กรุงกัวลาลัมเปอร์และเขตกลาง มาเลเซีย","Kuala Lumpur (Klang Valley), Malaysia","พนักงานประจำ","Full-time","บทบาทพัฒนา สอบเทียบ และตรวจสอบแบบจำลอง market, credit, liquidity และ climate risk","A role developing, calibrating, and validating market-, credit-, liquidity-, and climate-risk models.","พัฒนาและสอบเทียบแบบจำลองความเสี่ยงทางการเงิน||ทำ model validation, backtesting และ stress testing||วิเคราะห์ข้อมูลตลาด เครดิต และสภาพคล่อง||จัดทำเอกสารวิธีวิทยาและผลการวิเคราะห์","Develop and calibrate financial-risk models.||Conduct model validation, backtesting, and stress testing.||Analyze market, credit, and liquidity data.||Document methodologies and analytical results.","วุฒิด้านคณิตศาสตร์ สถิติ วิศวกรรม การเงินเชิงปริมาณ หรือสาขาใกล้เคียง||มีทักษะการสร้างแบบจำลองและเขียนโปรแกรม||เข้าใจ market, credit หรือ liquidity risk||สามารถสื่อสารผลการวิเคราะห์เชิงเทคนิคได้","Degree in mathematics, statistics, engineering, quantitative finance, or a related field.||Modeling and programming skills.||Knowledge of market, credit, or liquidity risk.||Ability to communicate technical analytical results.","Peripamo Careers","https://www.peripamo.com/careers/quantitative-researcher/","","","2026-10-01"
"rhb-model-risk-management-malaysia","true","47","RHB Banking Group","RHB Banking Group","assets/employer-rhb.svg","Model Risk Management","Risk Management","การตรวจสอบและกำกับดูแลแบบจำลองความเสี่ยง","Risk-Model Validation and Governance","ประกาศรับสมัคร","Recruitment notice","กรุงกัวลาลัมเปอร์ มาเลเซีย","Kuala Lumpur, Malaysia","พนักงานประจำ","Full-time","บทบาทตรวจสอบแบบจำลองเครดิต ตลาด และปฏิบัติการภายใต้ Basel II IRB และ IFRS 9","A model-risk role validating credit, market, and operational models under Basel II IRB and IFRS 9.","ดำเนินการตรวจสอบอิสระและ backtesting แบบจำลอง||ประเมินสมมติฐาน ข้อมูล และประสิทธิภาพของแบบจำลอง||ดูแลกรอบ model governance และทะเบียนแบบจำลอง||รายงานข้อจำกัดและคำแนะนำแก่ผู้มีส่วนเกี่ยวข้อง","Perform independent model validation and backtesting.||Assess model assumptions, data, and performance.||Maintain model-governance frameworks and inventory.||Report limitations and recommendations to stakeholders.","มีประสบการณ์ด้าน model validation, credit risk หรือ quantitative risk||เข้าใจ Basel II IRB และ IFRS 9||มีทักษะสถิติและการเขียนโปรแกรมวิเคราะห์||สามารถจัดทำรายงานและสื่อสารกับหน่วยงานกำกับดูแล","Experience in model validation, credit risk, or quantitative risk.||Knowledge of Basel II IRB and IFRS 9.||Statistical and analytical-programming skills.||Ability to report and communicate with governance stakeholders.","RHB Careers","https://rhb.wd102.myworkdayjobs.com/en-US/RHBExternalCareerSite/job/Model-Risk-Management_JR000372","","","2026-10-01"
"rhb-risk-modelling-data-scientist-malaysia","true","48","RHB Banking Group","RHB Banking Group","assets/employer-rhb.svg","Risk Modelling & Data Scientist Specialist","Risk Management","การสร้างแบบจำลองเครดิตและงบดุล","Credit and Balance-Sheet Risk Modeling","ประกาศรับสมัคร","Recruitment notice","กรุงกัวลาลัมเปอร์ มาเลเซีย","Kuala Lumpur, Malaysia","พนักงานประจำ","Full-time","บทบาทสร้างแบบจำลองความเสี่ยงเครดิตและพฤติกรรมสำหรับ ALM, IRRBB และ RORBB","A role developing credit-risk and behavioral models for ALM, IRRBB, and RORBB.","พัฒนาและติดตามแบบจำลองความเสี่ยงเครดิต||สร้าง behavioral models สำหรับ ALM||สนับสนุนการวัด IRRBB และ RORBB||ใช้ data science เพื่อปรับปรุงความแม่นยำและระบบติดตามแบบจำลอง","Develop and monitor credit-risk models.||Build behavioral models for asset-liability management.||Support IRRBB and RORBB measurement.||Apply data science to model accuracy and monitoring.","มีพื้นฐานด้านสถิติ data science การเงิน หรือสาขาเชิงปริมาณ||มีประสบการณ์สร้างแบบจำลองความเสี่ยง||เข้าใจ ALM และความเสี่ยงอัตราดอกเบี้ยในบัญชีธนาคาร||มีทักษะโปรแกรมและจัดการข้อมูล","Background in statistics, data science, finance, or another quantitative discipline.||Risk-model development experience.||Knowledge of ALM and banking-book interest-rate risk.||Programming and data-management skills.","RHB Careers","https://rhb.wd102.myworkdayjobs.com/en-US/RHBExternalCareerSite/job/Risk-Modelling---Data-Scientist-Specialist_JR000371","","","2026-10-01"
"deloitte-regulatory-financial-risk-consultant-malaysia","true","49","Deloitte Malaysia","Deloitte Malaysia","assets/employer-deloitte.svg","SR&T Consultant, Regulatory & Financial Risk","Risk Management","การสร้างแบบจำลองและกำกับความเสี่ยงทางการเงิน","Financial-Risk Modeling and Regulation","ประกาศรับสมัคร","Recruitment notice","กรุงกัวลาลัมเปอร์ มาเลเซีย","Kuala Lumpur, Malaysia","พนักงานประจำ","Full-time","บทบาทที่ปรึกษาด้านกฎระเบียบและความเสี่ยงทางการเงิน ครอบคลุมการพัฒนาและปรับปรุงแบบจำลองเชิงปริมาณ","A consulting role spanning financial regulation, risk transformation, and development of quantitative risk models.","พัฒนา บำรุงรักษา และปรับปรุงแบบจำลองความเสี่ยงเชิงปริมาณ||วิเคราะห์ความเสี่ยงเครดิต ตลาด สภาพคล่อง และปฏิบัติการ||สนับสนุนโครงการ Basel, IFRS 9 และข้อกำหนดธนาคาร||จัดทำเอกสารและนำเสนอผลต่อผู้มีส่วนเกี่ยวข้อง","Develop, maintain, and enhance quantitative risk models.||Analyze credit, market, liquidity, and operational risks.||Support Basel, IFRS 9, and banking-regulation projects.||Document and present results to stakeholders.","วุฒิด้านการเงิน เศรษฐศาสตร์ คณิตศาสตร์ สถิติ วิศวกรรม หรือสาขาที่เกี่ยวข้อง||มีทักษะการวิเคราะห์และการสร้างแบบจำลอง||เข้าใจกฎระเบียบและความเสี่ยงของสถาบันการเงิน||มีทักษะการสื่อสารและทำงานเป็นทีม","Degree in finance, economics, mathematics, statistics, engineering, or a related field.||Strong analytical and modeling skills.||Knowledge of financial-institution risk and regulation.||Strong communication and teamwork skills.","Deloitte SEA Careers","https://jobs.sea.deloitte.com/job/Kuala-Lumpur-SR%26T-Consultant%2C-Regulatory-%26-Financial-Risk/1365628166/","2026-09-09","","2026-10-01"
"jpmorgan-market-microstructure-quant-researcher-singapore","true","50","J.P. Morgan","J.P. Morgan","assets/employer-jpmorgan.svg","Quantitative Trading & Research - Market Microstructure & High-Frequency Quantitative Researcher - Associate","Quant Researcher","การวิจัยโครงสร้างจุลภาคและการซื้อขายความถี่สูง","Market Microstructure and High-Frequency Research","ประกาศรับสมัคร","Recruitment notice","สิงคโปร์","Singapore","พนักงานประจำ","Full-time","บทบาทวิจัยโครงสร้างจุลภาคของตลาดและกลยุทธ์ความถี่สูงสำหรับการกำหนดราคา การทำตลาด การส่งคำสั่ง และการบริหารความเสี่ยง","A market-microstructure and high-frequency research role spanning pricing, market making, execution, and risk management.","วิจัยพฤติกรรมของตลาดอิเล็กทรอนิกส์ในระดับละเอียด||พัฒนากลยุทธ์เชิงระบบที่มีความทนทาน||วิจัยสัญญาณ การกำหนดราคา การทำตลาด และการส่งคำสั่ง||ทำงานร่วมกับทีมเทคโนโลยีเพื่อนำแบบจำลองขึ้นใช้งานจริง","Research fine-scale behavior in electronic markets.||Develop robust systematic strategies.||Research signals, pricing, market making, and execution.||Partner with technology teams to productionize models.","มีพื้นฐานระดับสูงด้านคณิตศาสตร์ สถิติ ฟิสิกส์ วิทยาการคอมพิวเตอร์ หรือสาขาเชิงปริมาณ||มีประสบการณ์วิจัย market microstructure หรือ high-frequency trading||มีทักษะ Python และ C++||เข้าใจสถิติ การเรียนรู้ของเครื่อง และการทดสอบเชิงประจักษ์","Advanced background in mathematics, statistics, physics, computer science, or another quantitative field.||Research experience in market microstructure or high-frequency trading.||Python and C++ skills.||Knowledge of statistics, machine learning, and empirical testing.","J.P. Morgan Careers","https://jpmc.fa.oraclecloud.com/hcmUI/CandidateExperience/en/sites/CX_1001/job/210789794","2026-09-10","","2026-10-01"
"selini-junior-quantitative-researcher-singapore","true","51","Selini Capital","Selini Capital","assets/employer-selini.svg","Junior Quantitative Researcher","Quant Researcher","การวิจัยการซื้อขายความถี่สูง","High-Frequency Trading Research","ประกาศรับสมัคร","Recruitment notice","สิงคโปร์","Singapore","พนักงานประจำในสำนักงาน","Full-time, office based","บทบาทวิจัยระดับต้นที่พัฒนาแบบจำลอง คุณลักษณะข้อมูล และกระบวนการวิจัยสำหรับตลาดสินทรัพย์ดิจิทัลแบบอิเล็กทรอนิกส์","A junior research role developing models, features, and research pipelines for electronic digital-asset markets.","พัฒนาและปรับปรุงคุณลักษณะข้อมูลและแบบจำลอง||วิเคราะห์ข้อมูลการซื้อขายความถี่สูง||ตรวจสอบสมมติฐานด้วยการทดสอบเชิงประจักษ์และการทดสอบย้อนหลัง||ทำงานร่วมกับนักวิจัยและวิศวกรเพื่อส่งมอบกลยุทธ์","Develop and refine features and models.||Analyze high-frequency trading data.||Validate hypotheses through empirical testing and backtesting.||Work with researchers and engineers to deliver strategies.","มีประสบการณ์เชิงปริมาณประมาณ 1–5 ปี||มีทักษะ Python สถิติ และการเรียนรู้ของเครื่อง||เข้าใจโครงสร้างจุลภาคของตลาด||ทำวิจัยอย่างเป็นระบบและตรวจสอบผลได้","Approximately 1–5 years of quantitative experience.||Python, statistics, and machine-learning skills.||Knowledge of market microstructure.||A rigorous and reproducible research approach.","Selini Capital Careers","https://job-boards.greenhouse.io/selinicapital/jobs/4890973008","","","2026-10-01"
"worldquant-wqbrain-researcher-vietnam","true","52","WorldQuant","WorldQuant","assets/employer-worldquant.svg","WQBRAIN Researcher","Quant Researcher","การวิจัยอัลฟาบนแพลตฟอร์ม BRAIN","BRAIN Alpha Research","ประกาศรับสมัคร","Recruitment notice","ฮานอยหรือโฮจิมินห์ซิตี้ เวียดนาม","Hanoi or Ho Chi Minh City, Vietnam","พนักงานประจำ","Full-time","บทบาทวิจัยวรรณกรรมการเงินเชิงปริมาณและพัฒนาแนวคิดอัลฟาบนแพลตฟอร์ม BRAIN เพื่อสนับสนุนกลยุทธ์เชิงระบบ","A role researching quantitative-finance literature and developing alpha ideas on the BRAIN platform for systematic strategies.","ศึกษาวรรณกรรมด้านการเงินเชิงปริมาณและการลงทุนเชิงระบบ||พัฒนาและทดสอบแนวคิดอัลฟาบนแพลตฟอร์ม BRAIN||วิเคราะห์ผลและปรับปรุงความทนทานของสัญญาณ||สนับสนุนกิจกรรมวิจัยและชุมชนผู้ใช้แพลตฟอร์ม","Review quantitative-finance and systematic-investing literature.||Develop and test alpha ideas on the BRAIN platform.||Analyze results and improve signal robustness.||Support platform research and user-community activities.","มีพื้นฐานด้านคณิตศาสตร์ สถิติ วิทยาการคอมพิวเตอร์ การเงิน หรือสาขาเชิงปริมาณ||มีทักษะการเขียนโปรแกรมและวิเคราะห์ข้อมูล||สนใจการวิจัยอัลฟาและการลงทุนเชิงระบบ||สื่อสารภาษาอังกฤษได้ดี","Background in mathematics, statistics, computer science, finance, or another quantitative field.||Programming and data-analysis skills.||Interest in alpha research and systematic investing.||Strong English communication.","WorldQuant Careers","https://www.worldquant.com/career-listing/?id=4686007006","","","2026-10-01"
"worldquant-quantitative-developer-vietnam","true","53","WorldQuant","WorldQuant","assets/employer-worldquant.svg","Quantitative Developer","Quant Developer","ระบบอัตโนมัติและเครื่องมือเชิงปริมาณ","Quantitative Automation and Tooling","ประกาศรับสมัคร","Recruitment notice","ฮานอยหรือโฮจิมินห์ซิตี้ เวียดนาม","Hanoi or Ho Chi Minh City, Vietnam","พนักงานประจำ","Full-time","บทบาทพัฒนาเครื่องมือ ระบบอัตโนมัติ และกระบวนการผลิตข้อมูลเพื่อเพิ่มความน่าเชื่อถือของงานวิจัยเชิงปริมาณ","A role building tools, automation, and production data workflows that improve quantitative-research reliability.","ติดตามระบบงานจริงและกระบวนการประมวลผลข้อมูล||ตรวจสอบและแก้ไขปัญหาการทำงานของระบบ||พัฒนาเครื่องมือ บริการ และกระบวนการอัตโนมัติ||ปรับปรุงการติดตามสถานะ ความน่าเชื่อถือ และเครื่องมือที่ใช้ LLM","Monitor production systems and data-processing jobs.||Investigate and resolve operational issues.||Build tools, services, and automated workflows.||Improve observability, reliability, and LLM-enabled tooling.","มีพื้นฐานด้านวิศวกรรมซอฟต์แวร์ วิทยาการคอมพิวเตอร์ หรือสาขาที่เกี่ยวข้อง||เขียนโปรแกรมและจัดการข้อมูลได้ดี||เข้าใจระบบงานจริง การทดสอบ และการติดตามสถานะ||สนใจเครื่องมือ AI หรือ LLM และสื่อสารภาษาอังกฤษได้","Background in software engineering, computer science, or a related field.||Strong programming and data-handling skills.||Knowledge of production systems, testing, and observability.||Interest in AI or LLM tooling and strong English communication.","WorldQuant Careers","https://www.worldquant.com/career-listing/?id=4703213006","","","2026-10-01"
"flow-traders-mft-quantitative-researcher-hong-kong","true","54","Flow Traders","Flow Traders","assets/employer-flow-traders.svg","Experienced MFT Quantitative Researcher","Quant Researcher","การวิจัยอัลฟาความถี่ปานกลาง","Mid-Frequency Alpha Research","ประกาศรับสมัคร","Recruitment notice","ฮ่องกง","Hong Kong","พนักงานประจำ","Full-time","บทบาทวิจัยสัญญาณอัลฟาที่มีช่วงถือครองตั้งแต่ระหว่างวันถึงหลายวันสำหรับหุ้นและฟิวเจอร์สในเอเชียแปซิฟิก","A role researching intraday-to-multi-day alpha signals for Asia-Pacific equities and futures.","วิจัยและพัฒนาสัญญาณอัลฟาเชิงระบบ||ใช้การเรียนรู้ของเครื่องและการประมวลผลสมรรถนะสูง||พัฒนาแบบจำลองตั้งแต่การทดลองจนถึงระบบใช้งานจริง||สร้างวิธีการและเครื่องมือสำหรับการวิจัยพอร์ตและการซื้อขาย","Research and develop systematic alpha signals.||Apply machine learning and high-performance computing.||Take models from experimentation into production.||Build methods and tools for portfolio and trading research.","วุฒิปริญญาโทหรือเอกในสาขา STEM หรือสาขาเชิงปริมาณ||มีประสบการณ์วิจัยเชิงปริมาณอย่างน้อย 3 ปี||เข้าใจอนุกรมเวลาและการสร้างพอร์ต||มีความรู้ด้านโครงสร้างจุลภาค สมุดคำสั่ง และข้อมูลระดับ tick","Master's or PhD in a STEM or quantitative field.||At least three years of quantitative-research experience.||Knowledge of time-series modeling and portfolio construction.||Familiarity with market microstructure, order books, and tick data.","Flow Traders Careers","https://job-boards.greenhouse.io/flowtraders/jobs/8222298","","","2026-10-01"
"millennium-quant-developer-equity-volatility-hong-kong","true","55","Millennium","Millennium","assets/employer-millennium.svg","Quantitative Developer - Equity Volatility Execution","Quant Developer","ระบบส่งคำสั่งซื้อขายความผันผวนของหุ้น","Equity Volatility Execution","ประกาศรับสมัคร","Recruitment notice","ฮ่องกง","Hong Kong","พนักงานประจำ","Full-time","บทบาท C++ เวลาแฝงต่ำสำหรับพัฒนาแพลตฟอร์มส่งคำสั่งซื้อขายความผันผวนและออปชันในภูมิภาคเอเชียแปซิฟิก","A low-latency C++ role building equity-volatility and options execution platforms for Asia-Pacific markets.","พัฒนาระบบส่งคำสั่งเชิงระบบสำหรับผลิตภัณฑ์ความผันผวน||สร้างการทำตลาดออปชันและกลไกควบคุมคำสั่งและความเสี่ยง||เชื่อมต่อข้อมูลตลาดและตลาดซื้อขาย||ทำงานร่วมกับนักวิจัยเชิงปริมาณและผู้ซื้อขาย","Build systematic execution systems for volatility products.||Develop options market-making and order/risk controls.||Integrate market data and exchange connectivity.||Work closely with quantitative researchers and traders.","มีทักษะ C++ ขั้นสูงและประสบการณ์ระบบเวลาแฝงต่ำบน Linux||เข้าใจความผันผวน ออปชัน และ Greeks||มีความรู้ด้านข้อมูลตลาดและการเชื่อมต่อตลาดซื้อขาย||ประสบการณ์ kdb/q, FIX หรือเครือข่ายมีประโยชน์","Advanced C++ and low-latency Linux experience.||Knowledge of volatility, options, and Greeks.||Familiarity with market data and exchange connectivity.||Experience with kdb/q, FIX, or networking is useful.","Millennium Careers","https://career.mlp.com/careers?domain=mlp.com&pid=755958065522","","","2026-10-01"
"spiking-green-quantitative-researcher-malaysia","true","56","Spiking Green","Spiking Green","assets/employer-spiking-green.svg","Quantitative Researcher","Quant Researcher","การวิจัยกลยุทธ์เชิงระบบ","Systematic Strategy Research","ประกาศรับสมัคร","Recruitment notice","กรุงกัวลาลัมเปอร์ มาเลเซีย","Kuala Lumpur, Malaysia","พนักงานประจำ","Full-time","บทบาทตั้งสมมติฐานจากโครงสร้างตลาดและพัฒนากลยุทธ์เชิงระบบที่สามารถนำไปใช้ในตลาดจริง","A role forming market-structure hypotheses and developing systematic strategies suitable for live markets.","ตั้งสมมติฐานการวิจัยจากข้อมูลและโครงสร้างตลาด||ทดสอบย้อนหลังโดยรวมต้นทุนและข้อจำกัดของตลาดจริง||ร่วมพัฒนากลยุทธ์เข้าสู่ระบบใช้งานจริง||ติดตามผลและปรับปรุงกลยุทธ์อย่างต่อเนื่อง","Form research hypotheses from data and market structure.||Backtest with realistic costs and market constraints.||Help move strategies into production.||Monitor and improve live strategies continuously.","ปริญญาเอกหรือประสบการณ์เทียบเท่าในคณิตศาสตร์ ฟิสิกส์ สถิติ หรือสาขาเชิงปริมาณ||มีความเข้มงวดด้านการวิจัยและการทดสอบสมมติฐาน||มีทักษะการเขียนโปรแกรม||เข้าใจตลาดและกลยุทธ์เชิงระบบ","PhD or equivalent experience in mathematics, physics, statistics, or another quantitative field.||Rigorous research and hypothesis-testing skills.||Strong programming ability.||Knowledge of markets and systematic strategies.","Spiking Green Careers","https://spikinggreen.com/careers","2026-06-01","","2026-10-01"
"spiking-green-market-microstructure-scientist-malaysia","true","57","Spiking Green","Spiking Green","assets/employer-spiking-green.svg","Research Scientist - Market Microstructure","Quant Researcher","การวิจัยโครงสร้างจุลภาคและการส่งคำสั่ง","Market Microstructure and Execution Research","ประกาศรับสมัคร","Recruitment notice","กรุงกัวลาลัมเปอร์ มาเลเซีย","Kuala Lumpur, Malaysia","พนักงานประจำ","Full-time","บทบาทวิจัยพฤติกรรมสมุดคำสั่งซื้อขาย ต้นทุนธุรกรรม และการส่งคำสั่งจากข้อมูลระหว่างวัน","A role researching limit-order-book behavior, transaction costs, and execution using intraday data.","วิเคราะห์สมุดคำสั่งซื้อขายและพฤติกรรมระหว่างวัน||สร้างแบบจำลอง adverse selection และต้นทุนธุรกรรม||วิจัยวิธีลดผลกระทบต่อตลาดและปรับปรุงการส่งคำสั่ง||ทำงานร่วมกับทีมกลยุทธ์และระบบซื้อขาย","Analyze limit order books and intraday behavior.||Model adverse selection and transaction costs.||Research market-impact reduction and execution improvements.||Collaborate with strategy and trading-system teams.","มีความรู้ลึกด้านโครงสร้างจุลภาคของตลาด||มีทักษะสถิติ อนุกรมเวลา และการทดลองเชิงประจักษ์||มีทักษะ Python หรือ C++||มีประสบการณ์ข้อมูลความถี่สูงหรือข้อมูลระหว่างวัน","Deep knowledge of market microstructure.||Strong statistics, time-series, and empirical-testing skills.||Python or C++ proficiency.||Experience with high-frequency or intraday data.","Spiking Green Careers","https://spikinggreen.com/careers","2026-06-01","","2026-10-01"
"worldquant-quantitative-developer-singapore","true","58","WorldQuant","WorldQuant","assets/employer-worldquant.svg","Quantitative Developer","Quant Developer","แพลตฟอร์มและระบบบริหารพอร์ต","Portfolio Platform and Operations","ประกาศรับสมัคร","Recruitment notice","สิงคโปร์","Singapore","พนักงานประจำ","Full-time","บทบาท Quant Developer ระดับต้นที่สร้างระบบ เครื่องมือ และส่วนเชื่อมต่อสำหรับกระบวนการบริหารพอร์ตและระบบงานจริง","An early-career quant developer role building systems, interfaces, and tools for portfolio-management workflows and production operations.","พัฒนาระบบและเครื่องมือสนับสนุนผู้จัดการพอร์ต||ตรวจสอบและแก้ไขปัญหาโครงสร้างพื้นฐาน||ดูแลระบบงานจริงและปรับปรุงความน่าเชื่อถือ||ร่วมทำ code review การทดสอบ และเอกสารทางเทคนิค","Build systems and tools for portfolio managers.||Investigate and resolve infrastructure issues.||Support production systems and improve reliability.||Contribute to code reviews, testing, and technical documentation.","ปริญญาตรีหรือโทด้านวิทยาการคอมพิวเตอร์ วิศวกรรม หรือสาขาที่เกี่ยวข้อง||มีทักษะ Python หรือ C++||ใช้ Bash, Linux และ Git ได้||มีแนวคิดเชิงวิเคราะห์และสื่อสารภาษาอังกฤษได้ดี","Bachelor's or master's degree in computer science, engineering, or a related field.||Practical Python or C++ skills.||Working knowledge of Bash, Linux, and Git.||Strong analytical thinking and English communication.","WorldQuant Careers","https://job-boards.greenhouse.io/worldquant/jobs/4686743006","","","2026-10-01"
"virtu-2027-quant-research-intern-singapore","true","59","Virtu Financial","Virtu","assets/employer-virtu.svg","2027 Internship - Quantitative Researcher (PhD)","Quant Researcher","การวิจัยอัลกอริทึมการซื้อขาย","Algorithmic Trading Research","ประกาศรับสมัคร","Recruitment notice","สิงคโปร์","Singapore","ฝึกงาน 10 สัปดาห์","10-week internship","โครงการฝึกงานวิจัยเชิงปริมาณที่ใช้ข้อมูลการซื้อขายขนาดใหญ่เพื่อค้นหารูปแบบและปรับปรุงอัลกอริทึมการทำตลาด","A quantitative research internship using large trading datasets to discover patterns and improve market-making algorithms.","ทำโครงการวิจัยจริงร่วมกับนักวิจัยอาวุโส||วิเคราะห์ข้อมูลการซื้อขายขนาดใหญ่||สร้างแบบจำลองเพื่อปรับปรุงอัลกอริทึม||นำเสนอผลการวิจัยและทดสอบแนวคิด","Work on live research problems with senior researchers.||Analyze large trading datasets.||Build models that may improve trading algorithms.||Present findings and test ideas rigorously.","กำลังศึกษาปริญญาเอกด้านวิทยาศาสตร์ คณิตศาสตร์ วิศวกรรม หรือสาขาเชิงปริมาณ||มีพื้นฐานคณิตศาสตร์และการแก้ปัญหาดีเยี่ยม||เขียน C/C++ และ Python หรือ Pandas ได้||พร้อมทำงานเต็มเวลาช่วงปลายปี 2027 ถึงกลางปี 2028","Pursuing a PhD in science, mathematics, engineering, or another quantitative field.||Exceptional mathematical and problem-solving skills.||Strong C/C++ and Python or Pandas skills.||Expected to be ready for full-time work between late 2027 and mid-2028.","Virtu Financial Careers","https://job-boards.greenhouse.io/virtu/jobs/7617953002","","","2026-10-01"
"metabit-senior-quant-researcher-monetization-singapore","true","60","Metabit Technology","Metabit","assets/employer-metabit.svg","Senior Quantitative Researcher - Monetization","Quant Researcher","การแปลงสัญญาณอัลฟาสู่ผลตอบแทนจริง","Alpha Monetization and Execution","ประกาศรับสมัคร","Recruitment notice","สิงคโปร์","Singapore","พนักงานประจำ","Full-time","บทบาทวิจัยอาวุโสที่เชื่อมสัญญาณอัลฟาเข้ากับการส่งคำสั่ง การสร้างพอร์ต และผลตอบแทนจริงในหลายตลาด","A senior research role connecting alpha signals with execution, portfolio construction, and realized PnL across markets.","ออกแบบกรอบ monetization สำหรับสัญญาณอัลฟา||พัฒนา execution และ impact models||ปรับการสร้างพอร์ตให้เหมาะกับโครงสร้างตลาดต่างกัน||ติดตามผลลัพธ์จริงและปรับปรุงกลยุทธ์","Design monetization frameworks for alpha signals.||Develop execution and market-impact models.||Optimize portfolios across different market structures.||Monitor realized outcomes and refine strategies.","มีประสบการณ์อย่างน้อย 5 ปีด้าน monetization, execution research หรือ systematic strategy||เข้าใจการส่งคำสั่งและโครงสร้างจุลภาคเชิงลึก||มีพื้นฐานสถิติและการสร้างพอร์ต||เขียนโปรแกรมวิจัยเชิงปริมาณได้ดี","At least five years in monetization, execution research, or systematic strategy.||Deep execution and market-microstructure knowledge.||Strong statistics and portfolio-construction background.||Excellent quantitative programming skills.","Metabit Technology Careers","https://job-boards.greenhouse.io/metabittechnologyllc/jobs/4254592009","","","2026-10-01"
"btig-quantitative-strategist-apac-singapore","true","61","BTIG","BTIG","assets/employer-btig.svg","Quantitative Strategist - Equities & Market Structure, APAC","Quantitative Analyst","กลยุทธ์หุ้นและโครงสร้างตลาดเอเชียแปซิฟิก","APAC Equities and Market Structure","ประกาศรับสมัคร","Recruitment notice","สิงคโปร์","Singapore","พนักงานประจำ","Full-time","บทบาท quantitative strategist ประจำโต๊ะซื้อขายที่สร้างเครื่องมือวิเคราะห์ execution, factor models, option pricing และ risk overlays","A desk-embedded quantitative strategist role building execution analytics, factor models, options pricing tools, and risk overlays.","สร้างเครื่องมือวิเคราะห์สำหรับโต๊ะซื้อขาย||วิเคราะห์ market structure, venue behavior และ order flow||จัดทำข้อมูลเชิงลึกด้าน execution ให้ลูกค้า||สนับสนุนการป้องกันความเสี่ยงและการวิเคราะห์พอร์ต","Build analytics tools for the trading desk.||Analyze market structure, venue behavior, and order flow.||Produce client-facing execution insights.||Support hedging frameworks and portfolio analytics.","มีประสบการณ์เชิงปริมาณในตลาดหุ้นหรือ electronic trading||เขียน Python และ SQL ได้||เข้าใจ factor models, option pricing และ execution||สื่อสารผลวิเคราะห์กับผู้ซื้อขายและลูกค้าได้","Quantitative experience in equities or electronic trading.||Strong Python and SQL skills.||Knowledge of factor models, options pricing, and execution.||Ability to communicate analysis to traders and clients.","BTIG Careers","https://job-boards.greenhouse.io/btig27/jobs/8630638002","","","2026-10-01"
"rock-bund-systematic-execution-trader-singapore","true","62","Rock Bund Capital","Rock Bund","assets/employer-rock-bund.svg","Systematic Execution Trader","Quant Trader","การกำกับและวิจัยการส่งคำสั่งเชิงระบบ","Systematic Execution Oversight and Research","ประกาศรับสมัคร","Recruitment notice","สิงคโปร์","Singapore","พนักงานประจำหรือทำงานทางไกลตามคุณสมบัติ","Full-time or remote for strong candidates","บทบาทดูแลการซื้อขายอัตโนมัติแบบเรียลไทม์ ควบคุมความเสี่ยง วิเคราะห์คุณภาพการส่งคำสั่ง และส่งข้อค้นพบกลับสู่งานวิจัย","A role overseeing live automated trading, enforcing risk controls, analyzing execution quality, and feeding observations back into research.","ติดตามคำสั่ง สถานะ ความเสี่ยง และ PnL แบบเรียลไทม์||ตอบสนองต่อเหตุผิดปกติและบังคับใช้ trading controls||วิเคราะห์ slippage, market impact และสภาพคล่อง||พัฒนาสมมติฐานวิจัยร่วมกับทีม Quant","Monitor live orders, positions, exposures, and PnL.||Respond to incidents and enforce trading controls.||Analyze slippage, market impact, and liquidity.||Develop research hypotheses with quant teams.","มีประสบการณ์ live trading หรือ execution||เข้าใจ automated trading และ market structure||มีพื้นฐานเชิงเทคนิคหรือเชิงปริมาณ||Python, Linux และ SQL เป็นข้อได้เปรียบ","Live trading or execution experience.||Knowledge of automated trading and market structure.||Strong technical or quantitative foundation.||Python, Linux, and SQL are advantageous.","Rock Bund Capital Careers","https://job-boards.eu.greenhouse.io/rockbund/jobs/4954681101","","","2026-10-01"
"jpmorgan-market-microstructure-quant-researcher-hong-kong","true","63","J.P. Morgan","J.P. Morgan","assets/employer-jpmorgan.svg","Quantitative Trading & Research - Market Microstructure & High-Frequency Quantitative Researcher - Associate / VP","Quant Researcher","การวิจัยโครงสร้างจุลภาคและความถี่สูง","Market Microstructure and High-Frequency Research","ประกาศรับสมัคร","Recruitment notice","ฮ่องกง","Hong Kong","พนักงานประจำ","Full-time","บทบาทวิจัยพฤติกรรมตลาดอิเล็กทรอนิกส์ในระดับละเอียดเพื่อสร้างกลยุทธ์เชิงระบบที่นำไปใช้งานจริงได้","A research role studying fine-scale electronic-market behavior to build robust, deployable systematic strategies.","วิเคราะห์ข้อมูล order book และ order events ความถี่สูง||พัฒนาสัญญาณอัลฟาและแบบจำลองสภาพคล่อง||สร้างแบบจำลอง market making และ execution||ออกแบบ simulation ที่รวม latency, fees และ market impact","Analyze high-frequency order-book and order-event data.||Develop alpha signals and liquidity models.||Build market-making and execution models.||Design simulations incorporating latency, fees, and market impact.","วุฒิขั้นสูงหรือประสบการณ์เทียบเท่าในสาขาเชิงปริมาณ||มีประสบการณ์วิจัย HFT หรือ systematic execution อย่างน้อย 2 ปี||มีทักษะ Python และควรมี C++||เข้าใจ market microstructure และการทดลองเชิงประจักษ์","Advanced degree or equivalent experience in a quantitative field.||At least two years of HFT or systematic-execution research.||Strong Python and preferably C++.||Deep market-microstructure and empirical-testing knowledge.","J.P. Morgan Careers","https://jpmc.fa.oraclecloud.com/hcmUI/CandidateExperience/en/sites/CX_1001/job/210789213/","2026-09-09","","2026-10-01"
"citi-vp-quant-analyst-execution-hong-kong","true","64","Citi","Citi","assets/employer-citi.svg","VP, Quantitative Analyst - Execution Algo & Microstructure Research","Quantitative Analyst","อัลกอริทึมการส่งคำสั่งและโครงสร้างตลาด","Execution Algorithms and Microstructure Research","ประกาศรับสมัคร","Recruitment notice","ฮ่องกง","Hong Kong","พนักงานประจำ","Full-time","บทบาทวิเคราะห์เชิงปริมาณระดับ VP สำหรับวิจัยโครงสร้างตลาดและพัฒนาอัลกอริทึมการส่งคำสั่งซื้อขาย","A VP-level quantitative role researching market microstructure and developing execution algorithms.","วิจัย execution quality และพฤติกรรมตลาด||พัฒนาและทดสอบอัลกอริทึมการส่งคำสั่ง||สร้างแบบจำลองต้นทุนธุรกรรมและ market impact||ทำงานร่วมกับผู้ซื้อขายและทีมเทคโนโลยี","Research execution quality and market behavior.||Develop and test execution algorithms.||Build transaction-cost and market-impact models.||Collaborate with traders and technology teams.","มีประสบการณ์ด้าน quantitative analysis หรือ electronic trading||มีทักษะสถิติและการเขียนโปรแกรม||เข้าใจ order book และ transaction cost analysis||มีความสามารถสื่อสารกับทีมธุรกิจและเทคนิค","Experience in quantitative analysis or electronic trading.||Strong statistics and programming skills.||Knowledge of order books and transaction-cost analysis.||Ability to work across business and technology teams.","Citi Careers","https://jobs.citi.com/en/job/hong-kong/vp-quantitative-analyst-execution-algo-and-microstructure-research/287/98511124272","2026-07-30","","2026-10-01"
"dv-trading-2027-quant-researcher-graduate-hong-kong","true","65","DV Trading","DV Trading","assets/employer-dv-trading.svg","2027 Quantitative Researcher Graduate - DV Equities","Quant Researcher","การวิจัยสัญญาณหุ้นและฟิวเจอร์ส","Equities and Futures Signal Research","ประกาศรับสมัคร","Recruitment notice","ฮ่องกง","Hong Kong","บัณฑิตจบใหม่","Graduate role","ตำแหน่งบัณฑิตใหม่ที่วิจัยสัญญาณเชิงระบบหลายช่วงเวลาและพัฒนาแบบจำลองที่ใช้ในการตัดสินใจซื้อขายจริง","A graduate role researching systematic signals across horizons and building models that inform live trading decisions.","ค้นหารูปแบบและสัญญาณจากข้อมูลตลาด||สร้างและทดสอบแบบจำลองย้อนหลัง||ใช้สถิติและ machine learning ปรับคุณภาพสัญญาณ||พัฒนา data pipelines สำหรับข้อมูลความถี่สูง","Find patterns and predictive signals in market data.||Build and backtest quantitative models.||Apply statistics and machine learning to improve signals.||Develop pipelines for high-frequency and time-series data.","กำลังศึกษาปริญญาตรี โท หรือเอกในสาขาเชิงปริมาณและจบภายในฤดูร้อน 2027||มีทักษะ Python และควรมี SQL หรือ C++||พื้นฐานความน่าจะเป็นและสถิติแข็งแรง||สนใจ algorithmic trading และ market microstructure","Pursuing a quantitative bachelor's, master's, or PhD with graduation by summer 2027.||Strong Python; SQL or C++ preferred.||Strong probability and statistics foundation.||Interest in algorithmic trading and market microstructure.","DV Trading Careers","https://job-boards.greenhouse.io/dvtrading/jobs/4736954005","","","2026-10-01"
"qrt-2027-quant-research-trading-hong-kong","true","66","Qube Research & Technologies","QRT","assets/employer-qrt.svg","2027 Internship or Graduate - Quantitative Research and Trading","Quant Researcher","การวิจัยและซื้อขายเชิงปริมาณ","Quantitative Research and Trading","ประกาศรับสมัคร","Recruitment notice","ฮ่องกง","Hong Kong","ฝึกงานหรือบัณฑิตจบใหม่","Internship or graduate role","โครงการสำหรับนักศึกษาและบัณฑิตใหม่ที่สนใจงานวิจัยเชิงปริมาณ การสร้างแบบจำลอง และการซื้อขายอย่างเป็นระบบ","A student and graduate program focused on quantitative research, modeling, and systematic trading.","วิเคราะห์ข้อมูลทางการเงินและทดสอบสมมติฐาน||พัฒนาแบบจำลองและสัญญาณการซื้อขาย||ทำงานร่วมกับนักวิจัย ผู้ซื้อขาย และนักพัฒนา||นำผลวิจัยไปประเมินในสภาพตลาดจริง","Analyze financial data and test hypotheses.||Develop models and trading signals.||Collaborate with researchers, traders, and developers.||Evaluate research under realistic market conditions.","กำลังศึกษาหรือจบการศึกษาในสาขาคณิตศาสตร์ สถิติ วิทยาการคอมพิวเตอร์ วิศวกรรม หรือสาขาใกล้เคียง||มีทักษะการเขียนโปรแกรม||มีพื้นฐานความน่าจะเป็นและการวิเคราะห์ข้อมูล||สนใจตลาดการเงินเชิงระบบ","Studying or graduating in mathematics, statistics, computer science, engineering, or a related field.||Strong programming skills.||Solid probability and data-analysis foundation.||Interest in systematic financial markets.","QRT Careers","https://job-boards.greenhouse.io/quberesearchandtechnologies/jobs/8581570002","","","2026-10-01"
"schonfeld-2027-quant-research-intern-hong-kong","true","67","Schonfeld","Schonfeld","assets/employer-schonfeld.svg","2027 Quantitative Research Intern","Quant Researcher","การวิจัยกลยุทธ์การลงทุนเชิงระบบ","Systematic Investment Research","ประกาศรับสมัคร","Recruitment notice","ฮ่องกง","Hong Kong","ฝึกงาน 3–6 เดือน","3–6 month internship","โครงการฝึกงานที่แก้โจทย์วิจัยจริงด้านสัญญาณทางเลือก machine learning และเครื่องมือทดสอบย้อนหลังสำหรับกลยุทธ์ลงทุน","An internship solving live research problems in alternative signals, machine learning, and backtesting tools for investment strategies.","รับผิดชอบโจทย์วิจัยเชิงคาดการณ์จริง||ทำความเข้าใจแพลตฟอร์มวิจัยและ data pipelines||พัฒนา validation และ backtest tools||นำเสนอผลต่อผู้จัดการพอร์ตและนักวิจัย","Own a real predictive-research problem.||Learn the research platform and data pipelines.||Improve validation and backtesting tools.||Present findings to portfolio managers and researchers.","กำลังศึกษาปริญญาโทหรือเอกในสาขาเชิงปริมาณ||มีทักษะการเขียนโปรแกรมและฐานข้อมูล||เข้าใจสถิติและ machine learning||สนใจนำงานวิจัยไปใช้กับกลยุทธ์จริง","Pursuing a master's or PhD in a quantitative field.||Strong coding and database skills.||Knowledge of statistics and machine learning.||Interest in applying research to live strategies.","Schonfeld Careers","https://job-boards.greenhouse.io/schonfeld/jobs/8238448","","","2026-10-01"
"randstad-quantitative-developer-us-equities-malaysia","true","68","Randstad Malaysia","Randstad","assets/employer-randstad.svg","Quantitative Developer - US Equities","Quant Developer","ระบบซื้อขายอัลกอริทึมในตลาดหุ้นสหรัฐฯ","US Equities Algorithmic Trading Systems","ประกาศรับสมัครถึง 19 พฤศจิกายน 2026","Applications close 19 November 2026","กรุงกัวลาลัมเปอร์ มาเลเซีย","Kuala Lumpur, Malaysia","พนักงานประจำ","Permanent","บทบาทพัฒนาระบบสมรรถนะสูงสำหรับ algorithmic trading, backtesting, quantitative research และการประมวลผลข้อมูลตลาดหุ้นสหรัฐฯ","A high-performance systems role supporting US-equities algorithmic trading, backtesting, quantitative research, and market-data processing.","พัฒนาระบบซื้อขายและวิจัยที่ปรับขยายได้||นำแบบจำลองและสัญญาณขึ้นระบบจริง||สร้าง data pipelines สำหรับข้อมูลตลาดแบบเรียลไทม์||ปรับปรุง latency, reliability และ throughput","Build scalable trading and research systems.||Productionize quantitative models and signals.||Create market-data pipelines for historical and real-time data.||Optimize latency, reliability, and throughput.","มีประสบการณ์ Quant Developer หรือ software engineering ในการเงินอย่างน้อย 3 ปี||เชี่ยวชาญ Python และ C++||เข้าใจ US equities และ market microstructure||มีความรู้ Linux, networking, SQL และ time-series databases","At least three years as a quant developer or financial software engineer.||Expert Python and strong C++.||Knowledge of US equities and market microstructure.||Experience with Linux, networking, SQL, and time-series databases.","Randstad Malaysia","https://www.randstad.com.my/jobs/quantitative-developer-us-equities-up-to-rm25k_kuala-lumpur_47471541/","2026-09-26","2026-11-19","2026-10-01"
"ey-market-risk-associate-malaysia","true","69","EY Malaysia","EY Malaysia","assets/employer-ey-malaysia.svg","Risk Consulting - Market Risk, Experienced Associate","Risk Management","ที่ปรึกษาความเสี่ยงตลาดและแบบจำลองเชิงปริมาณ","Market Risk and Quantitative Advisory","ประกาศรับสมัคร","Recruitment notice","กรุงกัวลาลัมเปอร์ มาเลเซีย","Kuala Lumpur, Malaysia","พนักงานประจำ","Full-time","บทบาทที่ปรึกษา Financial Services Risk Management ด้านความเสี่ยงตลาดและ quantitative risk สำหรับธนาคาร ตลาดทุน และการบริหารสินทรัพย์","A financial-services risk consulting role focused on market risk and quantitative risk for banking, capital markets, and asset management.","ร่วมโครงการ quantitative risk ที่เน้น market risk||สนับสนุนการพัฒนาและตรวจสอบแบบจำลอง||วิเคราะห์ข้อมูลและจัดทำคำแนะนำเชิงความเสี่ยง||ทำงานร่วมกับทีมลูกค้าและผู้เชี่ยวชาญหลายสาขา","Participate in quantitative-risk engagements with a market-risk focus.||Support model development and validation.||Analyze data and prepare risk recommendations.||Work with clients and multidisciplinary teams.","จบสาขาคณิตศาสตร์ สถิติ วิศวกรรมการเงิน เศรษฐศาสตร์ หรือสาขาใกล้เคียง||เข้าใจ VaR, stress testing, capital หรือ derivatives||มีทักษะวิเคราะห์ข้อมูลและการเขียนโปรแกรม||สื่อสารและทำงานเป็นทีมได้ดี","Degree in mathematics, statistics, financial engineering, economics, or a related field.||Knowledge of VaR, stress testing, capital, or derivatives.||Data-analysis and programming skills.||Strong communication and teamwork.","EY Careers","https://careers.ey.com/ey/job/Kuala-Lumpur-Risk-Consulting-Market-Risk,-Experienced-Associate-Fede-50490/1236038301/","2026-09-10","","2026-10-01"
"spiking-green-senior-quantitative-researcher-malaysia","true","70","Spiking Green","Spiking Green","assets/employer-spiking-green.svg","Senior Quantitative Researcher","Quant Researcher","การวิจัยกลยุทธ์เชิงระบบอาวุโส","Senior Systematic Strategy Research","ประกาศรับสมัคร","Recruitment notice","กรุงกัวลาลัมเปอร์ มาเลเซีย","Kuala Lumpur, Malaysia","พนักงานประจำ","Full-time","บทบาทอาวุโสที่รับผิดชอบวงจรวิจัยตั้งแต่แนวคิด การทดสอบภายใต้ต้นทุนจริง การนำขึ้นระบบ และการติดตามผล","A senior role owning the research cycle from idea generation and realistic testing through production and live monitoring.","กำหนดวาระวิจัยและพัฒนาสัญญาณ||ทดสอบกลยุทธ์ภายใต้ข้อจำกัดตลาดจริง||นำกลยุทธ์ขึ้นใช้กับเงินทุนจริง||ให้คำแนะนำแก่นักวิจัยระดับต้น","Set a research agenda and develop signals.||Test strategies under realistic market constraints.||Move strategies into live capital.||Mentor junior researchers.","มีประสบการณ์ systematic trading research อย่างน้อย 3 ปี||เคยนำสัญญาณจากแนวคิดสู่ตลาดจริง||มีทักษะสถิติและการเขียนโปรแกรมขั้นสูง||เข้าใจต้นทุนธุรกรรมและการติดตามกลยุทธ์","At least three years of systematic-trading research.||Experience taking signals from idea to live capital.||Advanced statistics and programming skills.||Knowledge of transaction costs and strategy monitoring.","Spiking Green Careers","https://spikinggreen.com/careers","2026-06-01","","2026-10-01"
"spiking-green-systematic-trader-malaysia","true","71","Spiking Green","Spiking Green","assets/employer-spiking-green.svg","Systematic Trader","Quant Trader","การดูแลกลยุทธ์เชิงระบบในตลาดจริง","Live Systematic Strategy Management","ประกาศรับสมัคร","Recruitment notice","กรุงกัวลาลัมเปอร์ มาเลเซีย","Kuala Lumpur, Malaysia","พนักงานประจำ","Full-time","บทบาทดูแลกลยุทธ์ในระบบจริง บริหารความเสี่ยงแบบเรียลไทม์ และส่งข้อมูลจากตลาดกลับเข้าสู่วงจรวิจัย","A role owning live production strategies, managing real-time risk, and feeding market observations back into research.","ติดตามพฤติกรรมของกลยุทธ์และสถานะความเสี่ยง||แยกแยะ model failure จาก regime change||ประสานการแก้ไขเหตุผิดปกติในระบบซื้อขาย||ส่งข้อค้นพบจากตลาดให้ทีมวิจัย","Monitor strategy behavior and risk exposure.||Distinguish model failures from regime changes.||Coordinate responses to live-trading incidents.||Feed market observations back into research.","มีประสบการณ์ซื้อขายกลยุทธ์เชิงระบบหรือเชิงปริมาณ||คิดเชิงความน่าจะเป็นและตัดสินใจภายใต้แรงกดดันได้||เข้าใจ risk controls และ market structure||สื่อสารกับทีมวิจัยและวิศวกรรมได้","Experience trading systematic or quantitative strategies.||Probabilistic thinking and calm decision-making under pressure.||Knowledge of risk controls and market structure.||Ability to work with research and engineering teams.","Spiking Green Careers","https://spikinggreen.com/careers","2026-06-01","","2026-10-01"
"spiking-green-execution-trader-quant-malaysia","true","72","Spiking Green","Spiking Green","assets/employer-spiking-green.svg","Execution Trader / Quant","Quant Trader","การวิจัยและปรับปรุงการส่งคำสั่ง","Execution Research and Optimization","ประกาศรับสมัคร","Recruitment notice","กรุงกัวลาลัมเปอร์ มาเลเซีย","Kuala Lumpur, Malaysia","พนักงานประจำ","Full-time","บทบาทที่เชื่อมงานวิจัยสัญญาณกับสมุดคำสั่งจริงเพื่อสร้างและปรับ execution algorithms ให้ลดต้นทุนธุรกรรม","A role connecting research signals with the live order book to design and tune execution algorithms that reduce transaction costs.","สร้างแบบจำลองและลดต้นทุนธุรกรรม||ออกแบบและปรับ execution algorithms||วิเคราะห์ fill quality และ market impact||ร่วมงานกับทีมวิจัยและระบบซื้อขาย","Model and minimize transaction costs.||Design and tune execution algorithms.||Analyze fill quality and market impact.||Collaborate with research and trading-system teams.","เข้าใจ market microstructure และพฤติกรรมสมุดคำสั่งเชิงลึก||มีประสบการณ์ execution หรือ quantitative trading||มีทักษะสถิติและการวิเคราะห์ข้อมูล||Python หรือ C++ เป็นประโยชน์","Deep market-microstructure and order-book knowledge.||Experience in execution or quantitative trading.||Strong statistics and data-analysis skills.||Python or C++ is useful.","Spiking Green Careers","https://spikinggreen.com/careers","2026-06-01","","2026-10-01"
"mb-bank-risk-model-validation-vietnam","true","73","MB Bank","MB Bank","assets/employer-mb-bank.svg","Risk Model Validation Specialist / Senior Specialist","Risk Management","การตรวจสอบความถูกต้องของแบบจำลองความเสี่ยง","Risk Model Validation","รับสมัครถึง 8 ตุลาคม 2026","Applications close 8 October 2026","ฮานอย เวียดนาม","Hanoi, Vietnam","พนักงานประจำ","Full-time","บทบาทตรวจสอบความถูกต้อง ประสิทธิภาพ และธรรมาภิบาลของแบบจำลองความเสี่ยงในธนาคารด้วยข้อมูลและวิธีเชิงสถิติ","A banking role validating the accuracy, performance, and governance of risk models using data and statistical methods.","ประเมินแนวคิด ข้อมูล และสมมติฐานของแบบจำลอง||ทำ independent validation และ backtesting||วิเคราะห์ข้อจำกัดและ model risk||จัดทำรายงานและติดตามข้อเสนอแนะ","Assess model concepts, data, and assumptions.||Perform independent validation and backtesting.||Analyze limitations and model risk.||Report findings and track remediation.","จบสาขาคณิตศาสตร์ สถิติ เศรษฐมิติ การเงิน หรือวิทยาการข้อมูล||มีทักษะ Python หรือ R||เข้าใจ credit risk modeling และ model validation||CFA หรือ FRM เป็นข้อได้เปรียบ","Degree in mathematics, statistics, econometrics, finance, or data science.||Python or R skills.||Knowledge of credit-risk modeling and model validation.||CFA or FRM is advantageous.","MB Bank Careers","https://careers.mbbank.com.vn/list-of-posts","","2026-10-08","2026-10-01"
"mb-bank-model-risk-management-vietnam","true","74","MB Bank","MB Bank","assets/employer-mb-bank.svg","Model Risk Management Specialist / Senior Specialist","Risk Management","การบริหารความเสี่ยงแบบจำลอง","Model Risk Management","รับสมัครถึง 8 ตุลาคม 2026","Applications close 8 October 2026","ฮานอย เวียดนาม","Hanoi, Vietnam","พนักงานประจำ","Full-time","บทบาทกำกับทะเบียนแบบจำลอง นโยบาย model risk และการติดตามวงจรชีวิตแบบจำลองในระดับธนาคาร","A role governing the model inventory, model-risk policy, and model lifecycle across the bank.","ดูแลทะเบียนและการจัดระดับความเสี่ยงของแบบจำลอง||กำหนดและติดตามนโยบาย model governance||ประสานการ validation และ remediation||รายงานความเสี่ยงแบบจำลองต่อผู้บริหาร","Maintain model inventory and risk tiering.||Define and monitor model-governance policy.||Coordinate validation and remediation.||Report model risk to management.","มีพื้นฐานด้าน risk modeling, data analysis หรือ data science||เข้าใจ model governance และวงจรชีวิตแบบจำลอง||ใช้ Python, R หรือ SQL ได้||มีทักษะสื่อสารและจัดทำเอกสารเชิงนโยบาย","Background in risk modeling, data analysis, or data science.||Knowledge of model governance and lifecycle management.||Python, R, or SQL skills.||Strong communication and policy-documentation ability.","MB Bank Careers","https://careers.mbbank.com.vn/list-of-posts","","2026-10-08","2026-10-01"
"mb-bank-market-risk-model-vietnam","true","75","MB Bank","MB Bank","assets/employer-mb-bank.svg","Market Risk Model Specialist / Senior Specialist","Risk Management","การพัฒนาแบบจำลองความเสี่ยงตลาด","Market Risk Model Development","รับสมัครถึง 8 ตุลาคม 2026","Applications close 8 October 2026","ฮานอย เวียดนาม","Hanoi, Vietnam","พนักงานประจำ","Full-time","บทบาทพัฒนาและดูแลแบบจำลองเชิงปริมาณสำหรับการวัดความเสี่ยงตลาด เงินทุน และการทดสอบภาวะวิกฤต","A role developing and maintaining quantitative models for market-risk measurement, capital, and stress testing.","พัฒนาและปรับปรุงแบบจำลองความเสี่ยงตลาด||วิเคราะห์ข้อมูลราคาและปัจจัยเสี่ยง||ทำ backtesting และ stress testing||จัดทำเอกสารแบบจำลองและสนับสนุนการตรวจสอบ","Develop and enhance market-risk models.||Analyze pricing and risk-factor data.||Perform backtesting and stress testing.||Document models and support validation.","จบสาขาคณิตศาสตร์ การเงิน วิศวกรรมการเงิน หรือสาขาเชิงปริมาณ||ใช้ Python, R, SAS หรือ SQL ได้||เข้าใจ VaR, stress testing และผลิตภัณฑ์ตลาดทุน||FRM เป็นข้อได้เปรียบ","Degree in mathematics, finance, financial engineering, or another quantitative field.||Python, R, SAS, or SQL skills.||Knowledge of VaR, stress testing, and capital-market products.||FRM is advantageous.","MB Bank Careers","https://careers.mbbank.com.vn/list-of-posts","","2026-10-08","2026-10-01"
"mb-bank-credit-risk-model-development-vietnam","true","76","MB Bank","MB Bank","assets/employer-mb-bank.svg","Risk Model Development Specialist / Senior Specialist","Risk Management","การพัฒนาแบบจำลองความเสี่ยงเครดิต","Credit Risk Model Development","รับสมัครถึง 8 ตุลาคม 2026","Applications close 8 October 2026","ฮานอย เวียดนาม","Hanoi, Vietnam","พนักงานประจำ","Full-time","บทบาทสร้าง scorecards แบบจำลองความเสี่ยงเครดิต ระบบเตือนล่วงหน้า และเครื่องมือ stress testing เพื่อสนับสนุนการบริหารความเสี่ยงของธนาคาร","A role building credit-risk scorecards, early-warning systems, and stress-testing tools for bank risk management.","รวบรวมและประมวลผลข้อมูลเพื่อสร้างแบบจำลองเครดิต||พัฒนา scorecards และระบบเตือนล่วงหน้า||สร้างเครื่องมือ stress testing และ risk-based pricing||วิเคราะห์ผลและเสนอแนวทางปรับปรุงกรอบความเสี่ยง","Prepare data for credit-risk models.||Develop scorecards and early-warning systems.||Build stress-testing and risk-based-pricing tools.||Analyze outputs and recommend risk-framework improvements.","จบสาขาคณิตศาสตร์เศรษฐศาสตร์ วิทยาการข้อมูล การเงินการธนาคาร หรือสาขาใกล้เคียง||มีประสบการณ์สร้างแบบจำลองเครดิต||ใช้ SQL, Python และ Power BI หรือ Tableau ได้||CFA Level 1 หรือ FRM Level 1 เป็นข้อได้เปรียบ","Degree in mathematical economics, data science, banking and finance, or a related field.||Experience developing credit-risk models.||SQL, Python, and Power BI or Tableau skills.||CFA Level 1 or FRM Level 1 is advantageous.","MB Bank Careers","https://careers.mbbank.com.vn/list-of-posts/detail-list-of-posts?id=686508ec8ed3102a4bc1bff9&workGroupId=11276","","2026-10-08","2026-10-01"
"vpbank-head-modeling-validation-vietnam","true","77","VPBank","VPBank","assets/employer-vpbank.svg","Head of Modeling and Model Validation Center","Risk Management","ศูนย์พัฒนาและตรวจสอบแบบจำลอง","Model Development and Validation Center","ประกาศรับสมัคร","Recruitment notice","ฮานอย เวียดนาม","Hanoi, Vietnam","พนักงานประจำ","Full-time","บทบาทผู้นำระดับศูนย์สำหรับพัฒนา ตรวจสอบ และกำกับแบบจำลองเครดิต ตลาด สภาพคล่อง ปฏิบัติการ และ IFRS 9 ของธนาคาร","A center leadership role covering development, validation, and governance of credit, market, liquidity, operational-risk, and IFRS 9 models.","กำหนดกลยุทธ์และมาตรฐานการพัฒนาแบบจำลอง||กำกับ independent validation และ model governance||ดูแลแบบจำลอง Basel และ IFRS 9||ประยุกต์ AI และ machine learning ภายใต้กรอบควบคุม","Set model-development strategy and standards.||Oversee independent validation and model governance.||Lead Basel and IFRS 9 modeling.||Govern the use of AI and machine learning.","มีประสบการณ์ด้าน modeling และ risk management อย่างน้อย 12 ปี||เข้าใจ Basel II/III/IV และ IFRS 9 เชิงลึก||มีทักษะ Python, R, SAS หรือ SQL||มีประสบการณ์บริหารทีมและทำงานกับผู้กำกับดูแล","At least 12 years in modeling and risk management.||Deep knowledge of Basel II/III/IV and IFRS 9.||Python, R, SAS, or SQL skills.||Leadership and regulatory-stakeholder experience.","VPBank Careers","https://tuyendung.vpbank.com.vn/job/Head-of-Modelling-and-Enterprise-Risk-Management-Center-Ha-Noi/10409-vi_VN/","","","2026-10-01"
"acheron-quant-developer-strategy-singapore","true","78","Acheron Trading","Acheron","assets/employer-acheron.svg","Quantitative Developer - Trading Strategy Implementation","Quant Developer","ระบบกลยุทธ์การซื้อขาย","Trading Strategy Systems","ตรวจสอบแล้ว 1 ตุลาคม 2026","Verified 1 October 2026","สิงคโปร์","Singapore","พนักงานประจำ","Full-time","พัฒนาและดูแลสถาปัตยกรรมสำหรับนำกลยุทธ์เชิงปริมาณไปใช้งานจริงในตลาดสินทรัพย์ดิจิทัล","Develop and maintain production architecture that implements quantitative digital-asset trading strategies.","สร้างระบบนำกลยุทธ์เข้าสู่ production||พัฒนาเครื่องมือควบคุมคำสั่งซื้อขายและข้อมูลเรียลไทม์||ปรับปรุง latency และความเสถียร||ทำงานร่วมกับนักวิจัยและทีม trading","Build production strategy systems.||Develop real-time order and market-data tooling.||Improve latency and reliability.||Partner with researchers and traders.","เชี่ยวชาญ Python และมีพื้นฐาน C++||เข้าใจ WebSocket และระบบ low-latency||มีประสบการณ์ข้อมูล streaming และ execution||ความรู้ CEX หรือ DEX เป็นข้อได้เปรียบ","Strong Python and working C++ knowledge.||Understanding of WebSocket and low-latency systems.||Experience with streaming data and execution.||CEX or DEX knowledge is advantageous.","Acheron Trading Careers","https://www.acherontrading.com/careers/quantitative-developer-strategy-implementation/","","","2026-10-01"
"acheron-quant-developer-connectivity-singapore","true","79","Acheron Trading","Acheron","assets/employer-acheron.svg","Quantitative Developer - Exchange Connectivity","Quant Developer","ระบบเชื่อมต่อศูนย์ซื้อขาย","Exchange Connectivity","ตรวจสอบแล้ว 1 ตุลาคม 2026","Verified 1 October 2026","สิงคโปร์","Singapore","พนักงานประจำ","Full-time","พัฒนา API connectivity และโครงสร้างพื้นฐานที่เชื่อมระบบซื้อขายกับศูนย์ซื้อขายสินทรัพย์ดิจิทัล","Develop API connectivity and infrastructure linking trading systems with digital-asset exchanges.","สร้าง exchange adapters และ market-data feeds||ดูแล order routing และ execution||วิเคราะห์ latency และ failure modes||เพิ่มความทนทานของระบบเชื่อมต่อ","Build exchange adapters and market-data feeds.||Maintain order routing and execution.||Analyze latency and failure modes.||Improve connectivity resilience.","เชี่ยวชาญ Python และ C++||เข้าใจ REST และ WebSocket APIs||มีประสบการณ์ระบบซื้อขาย low-latency||คุ้นเคย CEX และ DEX","Strong Python and C++ skills.||Understanding of REST and WebSocket APIs.||Low-latency trading-system experience.||Familiarity with CEX and DEX venues.","Acheron Trading Careers","https://www.acherontrading.com/careers/quantitative-developer-connectivity/","","","2026-10-01"
"acheron-quant-research-intern-singapore","true","80","Acheron Trading","Acheron","assets/employer-acheron.svg","Quantitative Trading Research Intern","Quant Researcher","วิจัยการซื้อขายสินทรัพย์ดิจิทัล","Digital-Asset Trading Research","ตรวจสอบแล้ว 1 ตุลาคม 2026","Verified 1 October 2026","สิงคโปร์","Singapore","ฝึกงาน","Internship","ฝึกงานวิจัยเชิงปริมาณด้าน market making การกำหนดราคา สภาพคล่อง และข้อมูล on-chain","A quantitative research internship spanning market making, pricing, liquidity, and on-chain data.","วิเคราะห์ order flow และ latency||วิจัยกลยุทธ์ market making บน DeFi||สร้างแบบจำลองราคาและ execution||ทดสอบสมมติฐานด้วยข้อมูลตลาด","Analyze order flow and latency.||Research DeFi market-making strategies.||Build pricing and execution models.||Test hypotheses with market data.","กำลังศึกษาสาขาเชิงปริมาณ||ใช้ Python วิเคราะห์ข้อมูลได้ดี||เข้าใจสถิติและ market microstructure||สนใจสินทรัพย์ดิจิทัลและ DeFi","Studying a quantitative discipline.||Strong Python data-analysis skills.||Knowledge of statistics and market microstructure.||Interest in digital assets and DeFi.","Acheron Trading Careers","https://www.acherontrading.com/careers/quantitative-trading-research-intern/","","","2026-10-01"
"qrt-digital-assets-quant-trader-singapore","true","81","Qube Research & Technologies","QRT","assets/employer-qrt.svg","Digital Assets - Quantitative Trader","Quant Trader","การซื้อขายสินทรัพย์ดิจิทัล","Digital Assets Trading","ตรวจสอบแล้ว 1 ตุลาคม 2026","Verified 1 October 2026","สิงคโปร์","Singapore","พนักงานประจำ","Full-time","บทบาท quantitative trader ในทีมสินทรัพย์ดิจิทัลของบริษัทบริหารการลงทุนเชิงระบบระดับโลก","A quantitative trading role within the digital-assets team of a global systematic investment manager.","วิจัยและดำเนินกลยุทธ์ซื้อขายเชิงระบบ||ติดตาม execution และความเสี่ยงแบบเรียลไทม์||วิเคราะห์ข้อมูลตลาดและ microstructure||ทำงานร่วมกับนักวิจัยและวิศวกร","Research and execute systematic strategies.||Monitor real-time execution and risk.||Analyze market and microstructure data.||Collaborate with researchers and engineers.","พื้นฐานคณิตศาสตร์ สถิติ หรือสาขาเชิงปริมาณ||มีประสบการณ์ตลาดสินทรัพย์ดิจิทัล||ใช้ Python หรือภาษาเชิงปริมาณได้||ตัดสินใจภายใต้ข้อมูลและความเสี่ยงได้ดี","Background in mathematics, statistics, or a quantitative field.||Digital-asset market experience.||Python or quantitative programming skills.||Strong data-driven risk judgment.","QRT Careers","https://job-boards.greenhouse.io/quberesearchandtechnologies/jobs/7604719002","","","2026-10-01"
"citadel-quant-research-phd-intern-singapore","true","82","Citadel","Citadel","assets/employer-citadel.svg","Quantitative Researcher - PhD Intern (Asia)","Quant Researcher","วิจัยเชิงปริมาณระดับปริญญาเอก","PhD Quantitative Research","ตรวจสอบแล้ว 1 ตุลาคม 2026","Verified 1 October 2026","สิงคโปร์","Singapore","ฝึกงาน 11 สัปดาห์","11-week internship","โครงการฝึกงานวิจัยเชิงปริมาณเพื่อสร้างแบบจำลอง กลยุทธ์ และสัญญาณซื้อขายจากข้อมูลทางเลือก","An 11-week quantitative research internship developing models, strategies, and live signals from alternative data.","สร้างแบบจำลองมูลค่าและกลยุทธ์ซื้อขาย||ค้นคว้าและทดสอบสัญญาณจากข้อมูลทางเลือก||ใช้สถิติและ machine learning||ทำงานร่วมกับนักวิจัยและวิศวกร","Build valuation models and trading strategies.||Research and test alternative-data signals.||Apply statistics and machine learning.||Collaborate with researchers and engineers.","กำลังศึกษาระดับ PhD ในสาขาเชิงปริมาณ||มีพื้นฐานสถิติและ machine learning||เขียน Python, R หรือ C++ ได้||มีทักษะวิจัยและแก้ปัญหาสูง","Pursuing a PhD in a quantitative field.||Strong statistics and machine-learning foundation.||Python, R, or C++ programming.||Excellent research and problem-solving ability.","Citadel Careers","https://www.citadel.com/careers/details/quantitative-researcher-phd-intern-asia/","","","2026-10-01"
"jane-street-quant-trader-hong-kong","true","83","Jane Street","Jane Street","assets/employer-jane-street.svg","Quantitative Trader","Quant Trader","การซื้อขายเชิงปริมาณ","Quantitative Trading","ตรวจสอบแล้ว 1 ตุลาคม 2026","Verified 1 October 2026","ฮ่องกง","Hong Kong","พนักงานประจำ","Full-time","บทบาทนักเทรดเชิงปริมาณที่ผสานการสร้างแบบจำลอง การเขียนโปรแกรม การตัดสินใจ และการบริหารความเสี่ยง","A quantitative trading role combining modeling, programming, decision-making, and risk management.","ค้นหาสัญญาณและโอกาสซื้อขาย||สร้างและปรับปรุงแบบจำลองเชิงปริมาณ||พัฒนาระบบและเครื่องมือ algorithmic trading||บริหารความเสี่ยงของกลยุทธ์","Identify signals and trading opportunities.||Build and improve quantitative models.||Develop algorithmic trading systems and tools.||Manage strategy risk.","มีความสามารถทางคณิตศาสตร์และการแก้ปัญหา||สนใจตลาดและการตัดสินใจภายใต้ความไม่แน่นอน||เขียนโปรแกรมได้||ไม่จำเป็นต้องมีประสบการณ์การเงินมาก่อน","Strong mathematical and problem-solving ability.||Interest in markets and decisions under uncertainty.||Programming ability.||Prior finance experience is not required.","Jane Street Careers","https://www.janestreet.com/join-jane-street/position/8415898002/","","","2026-10-01"
"citadel-quant-research-phd-intern-hong-kong","true","84","Citadel","Citadel","assets/employer-citadel.svg","Quantitative Researcher - PhD Intern (Asia)","Quant Researcher","วิจัยเชิงปริมาณระดับปริญญาเอก","PhD Quantitative Research","ตรวจสอบแล้ว 1 ตุลาคม 2026","Verified 1 October 2026","ฮ่องกง","Hong Kong","ฝึกงาน 11 สัปดาห์","11-week internship","โครงการฝึกงานวิจัยเชิงปริมาณเพื่อสร้างแบบจำลอง กลยุทธ์ และสัญญาณซื้อขายจากข้อมูลทางเลือก","An 11-week quantitative research internship developing models, strategies, and live signals from alternative data.","สร้างแบบจำลองมูลค่าและกลยุทธ์ซื้อขาย||ค้นคว้าและทดสอบสัญญาณจากข้อมูลทางเลือก||ใช้สถิติและ machine learning||ทำงานร่วมกับนักวิจัยและวิศวกร","Build valuation models and trading strategies.||Research and test alternative-data signals.||Apply statistics and machine learning.||Collaborate with researchers and engineers.","กำลังศึกษาระดับ PhD ในสาขาเชิงปริมาณ||มีพื้นฐานสถิติและ machine learning||เขียน Python, R หรือ C++ ได้||มีทักษะวิจัยและแก้ปัญหาสูง","Pursuing a PhD in a quantitative field.||Strong statistics and machine-learning foundation.||Python, R, or C++ programming.||Excellent research and problem-solving ability.","Citadel Careers","https://www.citadel.com/careers/details/quantitative-researcher-phd-intern-asia/","","","2026-10-01"
"qrt-cpp-market-execution-hong-kong","true","85","Qube Research & Technologies","QRT","assets/employer-qrt.svg","C++ Developer (Market Execution)","Quant Developer","ระบบดำเนินคำสั่งซื้อขาย","Market Execution Systems","ตรวจสอบแล้ว 1 ตุลาคม 2026","Verified 1 October 2026","ฮ่องกง","Hong Kong","พนักงานประจำ","Full-time","พัฒนาระบบ C++ ประสิทธิภาพสูงสำหรับ market execution และโครงสร้างพื้นฐานการซื้อขายเชิงระบบ","Develop high-performance C++ systems for market execution and systematic trading infrastructure.","พัฒนา execution platform และ exchange connectivity||ปรับปรุง latency และ throughput||ออกแบบระบบที่มีความทนทานสูง||ทำงานกับทีม trading และ quantitative research","Develop execution platforms and exchange connectivity.||Optimize latency and throughput.||Design resilient production systems.||Partner with trading and quantitative research teams.","เชี่ยวชาญ C++ และโครงสร้างข้อมูล||มีประสบการณ์ระบบ concurrent หรือ low-latency||เข้าใจ Linux และ networking||ประสบการณ์ตลาดทุนเป็นข้อได้เปรียบ","Strong C++ and data-structure knowledge.||Concurrent or low-latency systems experience.||Linux and networking knowledge.||Capital-markets experience is advantageous.","QRT Careers","https://job-boards.greenhouse.io/quberesearchandtechnologies/jobs/8039490002","","","2026-10-01"
"qrt-core-pricing-risk-cpp-hong-kong","true","86","Qube Research & Technologies","QRT","assets/employer-qrt.svg","Core Pricing and Risk Platform - Senior C++ Developer","Quant Developer","แพลตฟอร์มราคาและความเสี่ยง","Pricing and Risk Platform","ตรวจสอบแล้ว 1 ตุลาคม 2026","Verified 1 October 2026","ฮ่องกง","Hong Kong","พนักงานประจำ","Full-time","พัฒนาแพลตฟอร์ม C++ ส่วนกลางสำหรับ pricing การวิเคราะห์ความเสี่ยง และการใช้งานแบบจำลองในระบบลงทุน","Develop a core C++ platform for pricing, risk analytics, and production deployment of investment models.","ออกแบบบริการ pricing และ risk ที่ใช้ร่วมกัน||พัฒนา numerical libraries และ APIs||เพิ่มประสิทธิภาพและความน่าเชื่อถือ||ร่วมกำหนดสถาปัตยกรรมระยะยาว","Design shared pricing and risk services.||Develop numerical libraries and APIs.||Improve performance and reliability.||Shape long-term platform architecture.","เชี่ยวชาญ modern C++||มีประสบการณ์ออกแบบระบบขนาดใหญ่||เข้าใจ numerical computing และ derivatives||มีทักษะสื่อสารกับผู้ใช้เชิงปริมาณ","Expertise in modern C++.||Large-scale system-design experience.||Knowledge of numerical computing and derivatives.||Ability to work with quantitative users.","QRT Careers","https://job-boards.greenhouse.io/quberesearchandtechnologies/jobs/7926920002","","","2026-10-01"
"millennium-options-quant-developer-hong-kong","true","87","Millennium","Millennium","assets/employer-millennium.svg","Options Quantitative Developer","Quant Developer","ระบบวิเคราะห์และซื้อขายออปชัน","Options Analytics and Trading","ตรวจสอบแล้ว 1 ตุลาคม 2026","Verified 1 October 2026","ฮ่องกง","Hong Kong","พนักงานประจำ","Full-time","พัฒนาแพลตฟอร์มข้อมูล การวิเคราะห์ และเครื่องมือซื้อขายสำหรับธุรกิจออปชันในเอเชีย","Develop data platforms, analytics, and trading tools for an Asia options business.","สร้าง data pipelines และ workflow สำหรับออปชัน||พัฒนา analytics และบริการ Python||เชื่อมระบบ streaming ด้วย C++ หรือ Rust||สนับสนุนผู้จัดการพอร์ตและนักเทรด","Build options data pipelines and workflows.||Develop analytics and Python services.||Integrate streaming systems with C++ or Rust.||Support portfolio managers and traders.","เชี่ยวชาญ Python และ Unix||มีประสบการณ์ Airflow หรือ workflow orchestration||เข้าใจ options trading และ market data||C++ หรือ Rust เป็นข้อได้เปรียบ","Strong Python and Unix skills.||Airflow or workflow-orchestration experience.||Understanding of options trading and market data.||C++ or Rust is advantageous.","Millennium Careers","https://career.mlp.com/careers/job/755953938404","","","2026-10-01"
"binance-quant-researcher-options-vietnam","true","88","Binance","Binance","assets/employer-binance.svg","Quantitative Researcher - Option","Quant Researcher","วิจัยออปชันและความผันผวน","Options and Volatility Research","ตรวจสอบแล้ว 1 ตุลาคม 2026","Verified 1 October 2026","ฮานอย เวียดนาม","Hanoi, Vietnam","พนักงานประจำ","Full-time","วิจัยแบบจำลองราคา ความเสี่ยง และกลยุทธ์ agency สำหรับผลิตภัณฑ์ออปชันและสินทรัพย์ดิจิทัล","Research pricing, risk, and agency strategies for options and digital-asset products.","สร้าง volatility surfaces และ Greeks analytics||พัฒนาแบบจำลองราคาออปชัน||วิจัยกลยุทธ์ hedging และ execution||ทดสอบแบบจำลองด้วยข้อมูลตลาด","Build volatility surfaces and Greeks analytics.||Develop options-pricing models.||Research hedging and execution strategies.||Test models against market data.","เชี่ยวชาญ Python และสถิติเชิงปริมาณ||เข้าใจ Black-Scholes, binomial และ Monte Carlo||รู้จัก Heston หรือ SABR||มีประสบการณ์ exotic options เป็นข้อได้เปรียบ","Strong Python and quantitative statistics.||Knowledge of Black-Scholes, binomial, and Monte Carlo methods.||Familiarity with Heston or SABR.||Exotic-options experience is advantageous.","Binance Jobs","https://vn.linkedin.com/jobs/view/quantitative-researcher-at-binance-4299341295","","","2026-10-01"
"mirae-risk-modeling-senior-vietnam","true","89","Mirae Asset Finance Vietnam","Mirae Asset","assets/employer-mirae-asset-vietnam.svg","Risk Modeling Senior Executive","Risk Management","แบบจำลองความเสี่ยงเครดิต","Credit Risk Modeling","ตรวจสอบแล้ว 1 ตุลาคม 2026","Verified 1 October 2026","นครโฮจิมินห์ เวียดนาม","Ho Chi Minh City, Vietnam","พนักงานประจำ","Full-time","พัฒนา scorecards และแบบจำลอง IFRS 9 ECL พร้อมกรอบ model governance สำหรับธุรกิจสินเชื่อ","Develop scorecards and IFRS 9 ECL models with model-governance controls for a consumer-finance business.","สร้าง A/B/C/D/F-score models||พัฒนาและติดตาม IFRS 9 ECL||ใช้ machine learning เพื่อปรับปรุงโมเดล||จัดทำ validation และเอกสารกำกับ","Build A/B/C/D/F-score models.||Develop and monitor IFRS 9 ECL.||Apply machine learning to improve models.||Prepare validation and governance documentation.","ใช้ Python และ SQL ได้ดี||มีประสบการณ์ XGBoost, LightGBM, CatBoost หรือ neural networks||เข้าใจ credit risk และ IFRS 9||มีทักษะ model monitoring","Strong Python and SQL.||Experience with XGBoost, LightGBM, CatBoost, or neural networks.||Knowledge of credit risk and IFRS 9.||Model-monitoring skills.","Mirae Asset Finance Vietnam","https://vn.linkedin.com/jobs/view/risk-modeling-senior-executive-at-mirae-asset-finance-company-vietnam-4454496420","","","2026-10-01"
"hdbank-senior-risk-model-specialist-vietnam","true","90","HDBank","HDBank","assets/employer-hdbank.svg","Senior Risk Management Model Specialist","Risk Management","แบบจำลองบริหารความเสี่ยง","Risk Management Models","ตรวจสอบแล้ว 1 ตุลาคม 2026","Verified 1 October 2026","นครโฮจิมินห์ เวียดนาม","Ho Chi Minh City, Vietnam","พนักงานประจำ","Full-time","พัฒนาแบบจำลองความเสี่ยง ระบบเตือนล่วงหน้า และเครื่องมือ collections จากฐานข้อมูลของธนาคาร","Develop risk models, early-warning systems, and collections tools using bank data marts.","จัดเตรียม datamart สำหรับ modeling||พัฒนาและติดตาม risk models||สร้าง early-warning และ collections models||สนับสนุน Basel และ IFRS 9","Prepare modeling data marts.||Develop and monitor risk models.||Build early-warning and collections models.||Support Basel and IFRS 9 programs.","ใช้ SAS, R, Python หรือ SQL||มีประสบการณ์ credit-risk modeling||เข้าใจ Basel และ IFRS 9||มีทักษะจัดการข้อมูลขนาดใหญ่","SAS, R, Python, or SQL skills.||Credit-risk modeling experience.||Knowledge of Basel and IFRS 9.||Large-data management ability.","HDBank Careers","https://vn.linkedin.com/jobs/view/senior-risk-management-model-specialist-at-hdbank-4450088575","","","2026-10-01"
"acb-quant-risk-modeling-expert-vietnam","true","91","ACB","ACB","assets/employer-acb.svg","HO - Quantitative Risk Modeling Expert","Risk Management","แบบจำลองความเสี่ยงเชิงปริมาณ","Quantitative Risk Modeling","ตรวจสอบแล้ว 1 ตุลาคม 2026","Verified 1 October 2026","นครโฮจิมินห์ เวียดนาม","Ho Chi Minh City, Vietnam","พนักงานประจำ","Full-time","ผู้เชี่ยวชาญสร้าง ตรวจสอบ และทำ backtesting แบบจำลองความเสี่ยงภายใต้ Basel II และ Basel III","An expert role developing, validating, and backtesting risk models under Basel II and Basel III.","พัฒนาแบบจำลองความเสี่ยงเครดิตและพอร์ต||ใช้ AI และ machine learning ใน modeling||ทำ validation และ backtesting||จัดทำเอกสารและข้อเสนอแนะเชิงนโยบาย","Develop credit and portfolio risk models.||Apply AI and machine learning to modeling.||Perform validation and backtesting.||Prepare documentation and policy recommendations.","มีประสบการณ์ quantitative risk modeling||ใช้ Python, R และ SQL ได้||เข้าใจ Basel II/III||มีพื้นฐานสถิติหรือเศรษฐมิติ","Quantitative risk-modeling experience.||Python, R, and SQL skills.||Knowledge of Basel II/III.||Statistics or econometrics background.","ACB Careers","https://www.linkedin.com/jobs/view/4446747456/","","","2026-10-01"
"uob-risk-model-mis-manager-vietnam","true","92","UOB Vietnam","UOB Vietnam","assets/employer-uob-vietnam.svg","Risk Model & MIS Manager","Risk Management","แบบจำลองความเสี่ยงและสารสนเทศ","Risk Models and MIS","ตรวจสอบแล้ว 1 ตุลาคม 2026","Verified 1 October 2026","นครโฮจิมินห์ เวียดนาม","Ho Chi Minh City, Vietnam","พนักงานประจำ","Full-time","บริหารการพัฒนา ติดตาม และปรับเทียบแบบจำลอง PD, LGD, EAD และ scorecards ของธนาคาร","Manage the development, monitoring, and recalibration of bank PD, LGD, EAD, and scorecard models.","พัฒนาและติดตาม PD, LGD และ EAD||ทำ validation, backtesting และ recalibration||สนับสนุน Basel, IFRS 9 และ ICAAP||จัดทำ MIS และรายงานความเสี่ยง","Develop and monitor PD, LGD, and EAD.||Perform validation, backtesting, and recalibration.||Support Basel, IFRS 9, and ICAAP.||Produce risk MIS and reporting.","มีประสบการณ์ risk modeling ในธนาคาร||ใช้ SAS, Python หรือ R||เข้าใจ Basel และ IFRS 9||มีทักษะวิเคราะห์และสื่อสารกับผู้กำกับดูแล","Bank risk-modeling experience.||SAS, Python, or R skills.||Knowledge of Basel and IFRS 9.||Strong analytical and regulatory communication skills.","UOB Careers","https://vn.linkedin.com/jobs/view/risk-model-mis-manager-at-uob-4348375427","","","2026-10-01"
"ambank-model-analyst-risk-analytics-malaysia","true","93","AmBank Group","AmBank","assets/employer-ambank.svg","Model Analyst, Risk Model Analytics","Risk Management","การวิเคราะห์แบบจำลองความเสี่ยง","Risk Model Analytics","ตรวจสอบแล้ว 1 ตุลาคม 2026","Verified 1 October 2026","กัวลาลัมเปอร์ มาเลเซีย","Kuala Lumpur, Malaysia","พนักงานประจำ","Full-time","พัฒนาและติดตามแบบจำลองความเสี่ยงเครดิตสำหรับ wholesale portfolio ภายใต้ MFRS 9 และ Basel","Develop and monitor wholesale credit-risk models under MFRS 9 and Basel frameworks.","พัฒนา wholesale credit-risk models||ทำ model monitoring และ performance analysis||สนับสนุน MFRS 9 และ IRB||จัดเตรียมข้อมูลและเอกสารสำหรับ validation","Develop wholesale credit-risk models.||Perform model monitoring and performance analysis.||Support MFRS 9 and IRB.||Prepare data and validation documentation.","มีพื้นฐานสถิติ คณิตศาสตร์ หรือเศรษฐมิติ||ใช้ SAS และ SQL||เข้าใจ Basel II/III และ MFRS 9||มีประสบการณ์ credit risk เป็นข้อได้เปรียบ","Background in statistics, mathematics, or econometrics.||SAS and SQL skills.||Knowledge of Basel II/III and MFRS 9.||Credit-risk experience is advantageous.","AmBank Careers","https://my.linkedin.com/jobs/view/model-analyst-risk-model-analytics-at-ambank-group-4464824820","","","2026-10-01"
"tng-digital-risk-data-scientist-malaysia","true","94","TNG Digital","TNG Digital","assets/employer-tng-digital.svg","Analyst, Risk Data Scientist","Risk Management","วิทยาศาสตร์ข้อมูลความเสี่ยง","Risk Data Science","ตรวจสอบแล้ว 1 ตุลาคม 2026","Verified 1 October 2026","กัวลาลัมเปอร์ มาเลเซีย","Kuala Lumpur, Malaysia","พนักงานประจำ","Full-time","ใช้ข้อมูลธุรกรรมและ machine learning เพื่อสร้างกฎและแบบจำลองสำหรับ fraud และ credit risk","Use transaction data and machine learning to build rules and models for fraud and credit risk.","วิเคราะห์ข้อมูลธุรกรรมและพฤติกรรม||พัฒนา fraud และ credit-risk models||ทดสอบกฎและติดตาม model performance||ทำงานกับข้อมูลบน cloud","Analyze transaction and behavioral data.||Develop fraud and credit-risk models.||Test rules and monitor model performance.||Work with cloud-based data.","ใช้ Python และ SQL ได้ดี||มีพื้นฐาน machine learning และสถิติ||เข้าใจ fraud หรือ credit analytics||มีประสบการณ์ cloud data platform เป็นข้อได้เปรียบ","Strong Python and SQL.||Machine-learning and statistics foundation.||Understanding of fraud or credit analytics.||Cloud data-platform experience is advantageous.","TNG Digital Careers","https://my.linkedin.com/jobs/view/analyst-risk-data-scientist-at-tng-digital-4460583743","","","2026-10-01"
"traze-senior-quant-analyst-malaysia","true","95","Traze","Traze","assets/employer-traze.svg","Senior Quantitative Analyst - Trading Risk & Fraud","Quantitative Analyst","ความเสี่ยงการซื้อขายและการทุจริต","Trading Risk and Fraud","ตรวจสอบแล้ว 1 ตุลาคม 2026","Verified 1 October 2026","มาเลเซีย","Malaysia","พนักงานประจำ","Full-time","วิเคราะห์ toxic flow, latency arbitrage และพฤติกรรมผิดปกติเพื่อควบคุมความเสี่ยงของธุรกิจ trading","Analyze toxic flow, latency arbitrage, and abusive behavior to manage trading-business risk.","ตรวจจับ toxic flow และ latency arbitrage||สร้าง fraud และ abuse analytics||ทำ transaction-cost และ execution analysis||พัฒนากฎควบคุม A-book และ B-book","Detect toxic flow and latency arbitrage.||Build fraud and abuse analytics.||Perform transaction-cost and execution analysis.||Develop A-book and B-book controls.","ใช้ Python และ SQL ได้ดี||มีพื้นฐาน machine learning หรือ data science||เข้าใจ market microstructure และ execution||มีประสบการณ์ trading risk","Strong Python and SQL.||Machine-learning or data-science background.||Knowledge of market microstructure and execution.||Trading-risk experience.","Traze Careers","https://my.linkedin.com/jobs/view/senior-quantitative-analyst-trading-risk-fraud-at-traze-4457859123","","","2026-10-01"
"ocbc-credit-risk-modelling-malaysia","true","96","OCBC Malaysia","OCBC Malaysia","assets/employer-ocbc-malaysia.svg","Senior Analyst / Lead Analyst - Credit Risk Modelling","Risk Management","แบบจำลองความเสี่ยงเครดิต","Credit Risk Modelling","ตรวจสอบแล้ว 1 ตุลาคม 2026","Verified 1 October 2026","กัวลาลัมเปอร์ มาเลเซีย","Kuala Lumpur, Malaysia","พนักงานประจำ","Full-time","พัฒนาและตรวจสอบ scorecards, IRB, IFRS 9 ECL, stress testing และ economic-capital models","Develop and validate scorecards, IRB, IFRS 9 ECL, stress-testing, and economic-capital models.","พัฒนา credit scorecards และ IRB models||สร้าง IFRS 9 ECL และ stress-testing models||ใช้ machine learning ในการคัดเลือกตัวแปร||ทำ backtesting และ model monitoring","Develop credit scorecards and IRB models.||Build IFRS 9 ECL and stress-testing models.||Apply machine learning to variable selection.||Perform backtesting and model monitoring.","มีพื้นฐานสถิติ คณิตศาสตร์ หรือ data science||ใช้ SAS, R, Python หรือ SQL||เข้าใจ Basel III และ IFRS 9||มีประสบการณ์ credit-risk modeling","Background in statistics, mathematics, or data science.||SAS, R, Python, or SQL skills.||Knowledge of Basel III and IFRS 9.||Credit-risk modeling experience.","OCBC Careers","https://my.linkedin.com/jobs/view/senior-analyst-lead-analyst-%E2%80%93-credit-risk-modelling-risk-portfolio-management-at-ocbc-4468494656","","","2026-10-01"
"alliance-bank-model-validation-avp-malaysia","true","97","Alliance Bank Malaysia","Alliance Bank","assets/employer-alliance-bank-malaysia.svg","Assistant Vice President, Independent Model Validation","Risk Management","การตรวจสอบแบบจำลองอิสระ","Independent Model Validation","ตรวจสอบแล้ว 1 ตุลาคม 2026","Verified 1 October 2026","กัวลาลัมเปอร์ มาเลเซีย","Kuala Lumpur, Malaysia","พนักงานประจำ","Full-time","ตรวจสอบแบบจำลอง IRRBB ความเสี่ยงเครดิต MFRS 9 และ climate risk อย่างเป็นอิสระ","Independently validate IRRBB, credit-risk, MFRS 9, and climate-risk models.","ตรวจสอบ behavioural models สำหรับ IRRBB||validate แบบจำลอง PD, LGD และ EAD||ติดตาม performance และ model risk||ประเมิน climate และ ESG models","Validate IRRBB behavioral models.||Validate PD, LGD, and EAD models.||Monitor performance and model risk.||Assess climate and ESG models.","มีประสบการณ์ independent model validation||เข้าใจ MFRS 9 และ credit risk||ใช้เครื่องมือวิเคราะห์เชิงสถิติได้||มีความรู้ IRRBB หรือ climate risk เป็นข้อได้เปรียบ","Independent model-validation experience.||Knowledge of MFRS 9 and credit risk.||Statistical-analysis tool proficiency.||IRRBB or climate-risk knowledge is advantageous.","Alliance Bank Careers","https://my.linkedin.com/jobs/view/assistant-vice-president-independent-model-validation-at-alliance-bank-malaysia-berhad-4463347180","","","2026-10-01"
